// Generated by tools/gen_emoji_table.py from iamcal/emoji-data
// (MIT, https://github.com/iamcal/emoji-data). Do not edit.
// emoji.json sha256 8736d721991e48c41c57acc46b65e5d32258a45e4bcdebcc6012f420f81e775d
// 1919 emoji, 1980 short names, 7 tone overrides

static const EmojiSequence kEmojiSequences[] = {
	{"\xF0\x9F\x98\x80", 0},
	{"\xF0\x9F\x98\x83", 0},
	{"\xF0\x9F\x98\x84", 0},
	{"\xF0\x9F\x98\x81", 0},
	{"\xF0\x9F\x98\x86", 0},
	{"\xF0\x9F\x98\x85", 0},
	{"\xF0\x9F\xA4\xA3", 0},
	{"\xF0\x9F\x98\x82", 0},
	{"\xF0\x9F\x99\x82", 0},
	{"\xF0\x9F\x99\x83", 0},
	{"\xF0\x9F\xAB\xA0", 0},
	{"\xF0\x9F\x98\x89", 0},
	{"\xF0\x9F\x98\x8A", 0},
	{"\xF0\x9F\x98\x87", 0},
	{"\xF0\x9F\xA5\xB0", 0},
	{"\xF0\x9F\x98\x8D", 0},
	{"\xF0\x9F\xA4\xA9", 0},
	{"\xF0\x9F\x98\x98", 0},
	{"\xF0\x9F\x98\x97", 0},
	{"\xE2\x98\xBA\xEF\xB8\x8F", 0},
	{"\xF0\x9F\x98\x9A", 0},
	{"\xF0\x9F\x98\x99", 0},
	{"\xF0\x9F\xA5\xB2", 0},
	{"\xF0\x9F\x98\x8B", 0},
	{"\xF0\x9F\x98\x9B", 0},
	{"\xF0\x9F\x98\x9C", 0},
	{"\xF0\x9F\xA4\xAA", 0},
	{"\xF0\x9F\x98\x9D", 0},
	{"\xF0\x9F\xA4\x91", 0},
	{"\xF0\x9F\xA4\x97", 0},
	{"\xF0\x9F\xA4\xAD", 0},
	{"\xF0\x9F\xAB\xA2", 0},
	{"\xF0\x9F\xAB\xA3", 0},
	{"\xF0\x9F\xA4\xAB", 0},
	{"\xF0\x9F\xA4\x94", 0},
	{"\xF0\x9F\xAB\xA1", 0},
	{"\xF0\x9F\xA4\x90", 0},
	{"\xF0\x9F\xA4\xA8", 0},
	{"\xF0\x9F\x98\x90", 0},
	{"\xF0\x9F\x98\x91", 0},
	{"\xF0\x9F\x98\xB6", 0},
	{"\xF0\x9F\xAB\xA5", 0},
	{"\xF0\x9F\x98\xB6\xE2\x80\x8D\xF0\x9F\x8C\xAB\xEF\xB8\x8F", 0},
	{"\xF0\x9F\x98\x8F", 0},
	{"\xF0\x9F\x98\x92", 0},
	{"\xF0\x9F\x99\x84", 0},
	{"\xF0\x9F\x98\xAC", 0},
	{"\xF0\x9F\x98\xAE\xE2\x80\x8D\xF0\x9F\x92\xA8", 0},
	{"\xF0\x9F\xA4\xA5", 0},
	{"\xF0\x9F\xAB\xA8", 0},
	{"\xF0\x9F\x99\x82\xE2\x80\x8D\xE2\x86\x94\xEF\xB8\x8F", 0},
	{"\xF0\x9F\x99\x82\xE2\x80\x8D\xE2\x86\x95\xEF\xB8\x8F", 0},
	{"\xF0\x9F\x98\x8C", 0},
	{"\xF0\x9F\x98\x94", 0},
	{"\xF0\x9F\x98\xAA", 0},
	{"\xF0\x9F\xA4\xA4", 0},
	{"\xF0\x9F\x98\xB4", 0},
	{"\xF0\x9F\xAB\xA9", 0},
	{"\xF0\x9F\x98\xB7", 0},
	{"\xF0\x9F\xA4\x92", 0},
	{"\xF0\x9F\xA4\x95", 0},
	{"\xF0\x9F\xA4\xA2", 0},
	{"\xF0\x9F\xA4\xAE", 0},
	{"\xF0\x9F\xA4\xA7", 0},
	{"\xF0\x9F\xA5\xB5", 0},
	{"\xF0\x9F\xA5\xB6", 0},
	{"\xF0\x9F\xA5\xB4", 0},
	{"\xF0\x9F\x98\xB5", 0},
	{"\xF0\x9F\x98\xB5\xE2\x80\x8D\xF0\x9F\x92\xAB", 0},
	{"\xF0\x9F\xA4\xAF", 0},
	{"\xF0\x9F\xA4\xA0", 0},
	{"\xF0\x9F\xA5\xB3", 0},
	{"\xF0\x9F\xA5\xB8", 0},
	{"\xF0\x9F\x98\x8E", 0},
	{"\xF0\x9F\xA4\x93", 0},
	{"\xF0\x9F\xA7\x90", 0},
	{"\xF0\x9F\x98\x95", 0},
	{"\xF0\x9F\xAB\xA4", 0},
	{"\xF0\x9F\x98\x9F", 0},
	{"\xF0\x9F\x99\x81", 0},
	{"\xE2\x98\xB9\xEF\xB8\x8F", 0},
	{"\xF0\x9F\x98\xAE", 0},
	{"\xF0\x9F\x98\xAF", 0},
	{"\xF0\x9F\x98\xB2", 0},
	{"\xF0\x9F\x98\xB3", 0},
	{"\xF0\x9F\xAB\xAA", 0},
	{"\xF0\x9F\xA5\xBA", 0},
	{"\xF0\x9F\xA5\xB9", 0},
	{"\xF0\x9F\x98\xA6", 0},
	{"\xF0\x9F\x98\xA7", 0},
	{"\xF0\x9F\x98\xA8", 0},
	{"\xF0\x9F\x98\xB0", 0},
	{"\xF0\x9F\x98\xA5", 0},
	{"\xF0\x9F\x98\xA2", 0},
	{"\xF0\x9F\x98\xAD", 0},
	{"\xF0\x9F\x98\xB1", 0},
	{"\xF0\x9F\x98\x96", 0},
	{"\xF0\x9F\x98\xA3", 0},
	{"\xF0\x9F\x98\x9E", 0},
	{"\xF0\x9F\x98\x93", 0},
	{"\xF0\x9F\x98\xA9", 0},
	{"\xF0\x9F\x98\xAB", 0},
	{"\xF0\x9F\xA5\xB1", 0},
	{"\xF0\x9F\x98\xA4", 0},
	{"\xF0\x9F\x98\xA1", 0},
	{"\xF0\x9F\x98\xA0", 0},
	{"\xF0\x9F\xA4\xAC", 0},
	{"\xF0\x9F\x98\x88", 0},
	{"\xF0\x9F\x91\xBF", 0},
	{"\xF0\x9F\x92\x80", 0},
	{"\xE2\x98\xA0\xEF\xB8\x8F", 0},
	{"\xF0\x9F\x92\xA9", 0},
	{"\xF0\x9F\xA4\xA1", 0},
	{"\xF0\x9F\x91\xB9", 0},
	{"\xF0\x9F\x91\xBA", 0},
	{"\xF0\x9F\x91\xBB", 0},
	{"\xF0\x9F\x91\xBD", 0},
	{"\xF0\x9F\x91\xBE", 0},
	{"\xF0\x9F\xA4\x96", 0},
	{"\xF0\x9F\x98\xBA", 0},
	{"\xF0\x9F\x98\xB8", 0},
	{"\xF0\x9F\x98\xB9", 0},
	{"\xF0\x9F\x98\xBB", 0},
	{"\xF0\x9F\x98\xBC", 0},
	{"\xF0\x9F\x98\xBD", 0},
	{"\xF0\x9F\x99\x80", 0},
	{"\xF0\x9F\x98\xBF", 0},
	{"\xF0\x9F\x98\xBE", 0},
	{"\xF0\x9F\x99\x88", 0},
	{"\xF0\x9F\x99\x89", 0},
	{"\xF0\x9F\x99\x8A", 0},
	{"\xF0\x9F\x92\x8C", 0},
	{"\xF0\x9F\x92\x98", 0},
	{"\xF0\x9F\x92\x9D", 0},
	{"\xF0\x9F\x92\x96", 0},
	{"\xF0\x9F\x92\x97", 0},
	{"\xF0\x9F\x92\x93", 0},
	{"\xF0\x9F\x92\x9E", 0},
	{"\xF0\x9F\x92\x95", 0},
	{"\xF0\x9F\x92\x9F", 0},
	{"\xE2\x9D\xA3\xEF\xB8\x8F", 0},
	{"\xF0\x9F\x92\x94", 0},
	{"\xE2\x9D\xA4\xEF\xB8\x8F\xE2\x80\x8D\xF0\x9F\x94\xA5", 0},
	{"\xE2\x9D\xA4\xEF\xB8\x8F\xE2\x80\x8D\xF0\x9F\xA9\xB9", 0},
	{"\xE2\x9D\xA4\xEF\xB8\x8F", 0},
	{"\xF0\x9F\xA9\xB7", 0},
	{"\xF0\x9F\xA7\xA1", 0},
	{"\xF0\x9F\x92\x9B", 0},
	{"\xF0\x9F\x92\x9A", 0},
	{"\xF0\x9F\x92\x99", 0},
	{"\xF0\x9F\xA9\xB5", 0},
	{"\xF0\x9F\x92\x9C", 0},
	{"\xF0\x9F\xA4\x8E", 0},
	{"\xF0\x9F\x96\xA4", 0},
	{"\xF0\x9F\xA9\xB6", 0},
	{"\xF0\x9F\xA4\x8D", 0},
	{"\xF0\x9F\x92\x8B", 0},
	{"\xF0\x9F\x92\xAF", 0},
	{"\xF0\x9F\x92\xA2", 0},
	{"\xF0\x9F\xAB\xAF", 0},
	{"\xF0\x9F\x92\xA5", 0},
	{"\xF0\x9F\x92\xAB", 0},
	{"\xF0\x9F\x92\xA6", 0},
	{"\xF0\x9F\x92\xA8", 0},
	{"\xF0\x9F\x95\xB3\xEF\xB8\x8F", 0},
	{"\xF0\x9F\x92\xAC", 0},
	{"\xF0\x9F\x91\x81\xEF\xB8\x8F\xE2\x80\x8D\xF0\x9F\x97\xA8\xEF\xB8\x8F", 0},
	{"\xF0\x9F\x97\xA8\xEF\xB8\x8F", 0},
	{"\xF0\x9F\x97\xAF\xEF\xB8\x8F", 0},
	{"\xF0\x9F\x92\xAD", 0},
	{"\xF0\x9F\x92\xA4", 0},
	{"\xF0\x9F\x91\x8B", 1},
	{"\xF0\x9F\xA4\x9A", 1},
	{"\xF0\x9F\x96\x90\xEF\xB8\x8F", 1},
	{"\xE2\x9C\x8B", 1},
	{"\xF0\x9F\x96\x96", 1},
	{"\xF0\x9F\xAB\xB1", 1},
	{"\xF0\x9F\xAB\xB2", 1},
	{"\xF0\x9F\xAB\xB3", 1},
	{"\xF0\x9F\xAB\xB4", 1},
	{"\xF0\x9F\xAB\xB7", 1},
	{"\xF0\x9F\xAB\xB8", 1},
	{"\xF0\x9F\x91\x8C", 1},
	{"\xF0\x9F\xA4\x8C", 1},
	{"\xF0\x9F\xA4\x8F", 1},
	{"\xE2\x9C\x8C\xEF\xB8\x8F", 1},
	{"\xF0\x9F\xA4\x9E", 1},
	{"\xF0\x9F\xAB\xB0", 1},
	{"\xF0\x9F\xA4\x9F", 1},
	{"\xF0\x9F\xA4\x98", 1},
	{"\xF0\x9F\xA4\x99", 1},
	{"\xF0\x9F\x91\x88", 1},
	{"\xF0\x9F\x91\x89", 1},
	{"\xF0\x9F\x91\x86", 1},
	{"\xF0\x9F\x96\x95", 1},
	{"\xF0\x9F\x91\x87", 1},
	{"\xE2\x98\x9D\xEF\xB8\x8F", 1},
	{"\xF0\x9F\xAB\xB5", 1},
	{"\xF0\x9F\x91\x8D", 1},
	{"\xF0\x9F\x91\x8E", 1},
	{"\xE2\x9C\x8A", 1},
	{"\xF0\x9F\x91\x8A", 1},
	{"\xF0\x9F\xA4\x9B", 1},
	{"\xF0\x9F\xA4\x9C", 1},
	{"\xF0\x9F\x91\x8F", 1},
	{"\xF0\x9F\x99\x8C", 1},
	{"\xF0\x9F\xAB\xB6", 1},
	{"\xF0\x9F\x91\x90", 1},
	{"\xF0\x9F\xA4\xB2", 1},
	{"\xF0\x9F\xA4\x9D", 1},
	{"\xF0\x9F\x99\x8F", 1},
	{"\xE2\x9C\x8D\xEF\xB8\x8F", 1},
	{"\xF0\x9F\x92\x85", 1},
	{"\xF0\x9F\xA4\xB3", 1},
	{"\xF0\x9F\x92\xAA", 1},
	{"\xF0\x9F\xA6\xBE", 0},
	{"\xF0\x9F\xA6\xBF", 0},
	{"\xF0\x9F\xA6\xB5", 1},
	{"\xF0\x9F\xA6\xB6", 1},
	{"\xF0\x9F\x91\x82", 1},
	{"\xF0\x9F\xA6\xBB", 1},
	{"\xF0\x9F\x91\x83", 1},
	{"\xF0\x9F\xA7\xA0", 0},
	{"\xF0\x9F\xAB\x80", 0},
	{"\xF0\x9F\xAB\x81", 0},
	{"\xF0\x9F\xA6\xB7", 0},
	{"\xF0\x9F\xA6\xB4", 0},
	{"\xF0\x9F\x91\x80", 0},
	{"\xF0\x9F\x91\x81\xEF\xB8\x8F", 0},
	{"\xF0\x9F\x91\x85", 0},
	{"\xF0\x9F\x91\x84", 0},
	{"\xF0\x9F\xAB\xA6", 0},
	{"\xF0\x9F\x91\xB6", 1},
	{"\xF0\x9F\xA7\x92", 1},
	{"\xF0\x9F\x91\xA6", 1},
	{"\xF0\x9F\x91\xA7", 1},
	{"\xF0\x9F\xA7\x91", 1},
	{"\xF0\x9F\x91\xB1", 1},
	{"\xF0\x9F\x91\xA8", 1},
	{"\xF0\x9F\xA7\x94", 1},
	{"\xF0\x9F\xA7\x94\xE2\x80\x8D\xE2\x99\x82\xEF\xB8\x8F", 1},
	{"\xF0\x9F\xA7\x94\xE2\x80\x8D\xE2\x99\x80\xEF\xB8\x8F", 1},
	{"\xF0\x9F\x91\xA8\xE2\x80\x8D\xF0\x9F\xA6\xB0", 1},
	{"\xF0\x9F\x91\xA8\xE2\x80\x8D\xF0\x9F\xA6\xB1", 1},
	{"\xF0\x9F\x91\xA8\xE2\x80\x8D\xF0\x9F\xA6\xB3", 1},
	{"\xF0\x9F\x91\xA8\xE2\x80\x8D\xF0\x9F\xA6\xB2", 1},
	{"\xF0\x9F\x91\xA9", 1},
	{"\xF0\x9F\x91\xA9\xE2\x80\x8D\xF0\x9F\xA6\xB0", 1},
	{"\xF0\x9F\xA7\x91\xE2\x80\x8D\xF0\x9F\xA6\xB0", 1},
	{"\xF0\x9F\x91\xA9\xE2\x80\x8D\xF0\x9F\xA6\xB1", 1},
	{"\xF0\x9F\xA7\x91\xE2\x80\x8D\xF0\x9F\xA6\xB1", 1},
	{"\xF0\x9F\x91\xA9\xE2\x80\x8D\xF0\x9F\xA6\xB3", 1},
	{"\xF0\x9F\xA7\x91\xE2\x80\x8D\xF0\x9F\xA6\xB3", 1},
	{"\xF0\x9F\x91\xA9\xE2\x80\x8D\xF0\x9F\xA6\xB2", 1},
	{"\xF0\x9F\xA7\x91\xE2\x80\x8D\xF0\x9F\xA6\xB2", 1},
	{"\xF0\x9F\x91\xB1\xE2\x80\x8D\xE2\x99\x80\xEF\xB8\x8F", 1},
	{"\xF0\x9F\x91\xB1\xE2\x80\x8D\xE2\x99\x82\xEF\xB8\x8F", 1},
	{"\xF0\x9F\xA7\x93", 1},
	{"\xF0\x9F\x91\xB4", 1},
	{"\xF0\x9F\x91\xB5", 1},
	{"\xF0\x9F\x99\x8D", 1},
	{"\xF0\x9F\x99\x8D\xE2\x80\x8D\xE2\x99\x82\xEF\xB8\x8F", 1},
	{"\xF0\x9F\x99\x8D\xE2\x80\x8D\xE2\x99\x80\xEF\xB8\x8F", 1},
	{"\xF0\x9F\x99\x8E", 1},
	{"\xF0\x9F\x99\x8E\xE2\x80\x8D\xE2\x99\x82\xEF\xB8\x8F", 1},
	{"\xF0\x9F\x99\x8E\xE2\x80\x8D\xE2\x99\x80\xEF\xB8\x8F", 1},
	{"\xF0\x9F\x99\x85", 1},
	{"\xF0\x9F\x99\x85\xE2\x80\x8D\xE2\x99\x82\xEF\xB8\x8F", 1},
	{"\xF0\x9F\x99\x85\xE2\x80\x8D\xE2\x99\x80\xEF\xB8\x8F", 1},
	{"\xF0\x9F\x99\x86", 1},
	{"\xF0\x9F\x99\x86\xE2\x80\x8D\xE2\x99\x82\xEF\xB8\x8F", 1},
	{"\xF0\x9F\x99\x86\xE2\x80\x8D\xE2\x99\x80\xEF\xB8\x8F", 1},
	{"\xF0\x9F\x92\x81", 1},
	{"\xF0\x9F\x92\x81\xE2\x80\x8D\xE2\x99\x82\xEF\xB8\x8F", 1},
	{"\xF0\x9F\x92\x81\xE2\x80\x8D\xE2\x99\x80\xEF\xB8\x8F", 1},
	{"\xF0\x9F\x99\x8B", 1},
	{"\xF0\x9F\x99\x8B\xE2\x80\x8D\xE2\x99\x82\xEF\xB8\x8F", 1},
	{"\xF0\x9F\x99\x8B\xE2\x80\x8D\xE2\x99\x80\xEF\xB8\x8F", 1},
	{"\xF0\x9F\xA7\x8F", 1},
	{"\xF0\x9F\xA7\x8F\xE2\x80\x8D\xE2\x99\x82\xEF\xB8\x8F", 1},
	{"\xF0\x9F\xA7\x8F\xE2\x80\x8D\xE2\x99\x80\xEF\xB8\x8F", 1},
	{"\xF0\x9F\x99\x87", 1},
	{"\xF0\x9F\x99\x87\xE2\x80\x8D\xE2\x99\x82\xEF\xB8\x8F", 1},
	{"\xF0\x9F\x99\x87\xE2\x80\x8D\xE2\x99\x80\xEF\xB8\x8F", 1},
	{"\xF0\x9F\xA4\xA6", 1},
	{"\xF0\x9F\xA4\xA6\xE2\x80\x8D\xE2\x99\x82\xEF\xB8\x8F", 1},
	{"\xF0\x9F\xA4\xA6\xE2\x80\x8D\xE2\x99\x80\xEF\xB8\x8F", 1},
	{"\xF0\x9F\xA4\xB7", 1},
	{"\xF0\x9F\xA4\xB7\xE2\x80\x8D\xE2\x99\x82\xEF\xB8\x8F", 1},
	{"\xF0\x9F\xA4\xB7\xE2\x80\x8D\xE2\x99\x80\xEF\xB8\x8F", 1},
	{"\xF0\x9F\xA7\x91\xE2\x80\x8D\xE2\x9A\x95\xEF\xB8\x8F", 1},
	{"\xF0\x9F\x91\xA8\xE2\x80\x8D\xE2\x9A\x95\xEF\xB8\x8F", 1},
	{"\xF0\x9F\x91\xA9\xE2\x80\x8D\xE2\x9A\x95\xEF\xB8\x8F", 1},
	{"\xF0\x9F\xA7\x91\xE2\x80\x8D\xF0\x9F\x8E\x93", 1},
	{"\xF0\x9F\x91\xA8\xE2\x80\x8D\xF0\x9F\x8E\x93", 1},
	{"\xF0\x9F\x91\xA9\xE2\x80\x8D\xF0\x9F\x8E\x93", 1},
	{"\xF0\x9F\xA7\x91\xE2\x80\x8D\xF0\x9F\x8F\xAB", 1},
	{"\xF0\x9F\x91\xA8\xE2\x80\x8D\xF0\x9F\x8F\xAB", 1},
	{"\xF0\x9F\x91\xA9\xE2\x80\x8D\xF0\x9F\x8F\xAB", 1},
	{"\xF0\x9F\xA7\x91\xE2\x80\x8D\xE2\x9A\x96\xEF\xB8\x8F", 1},
	{"\xF0\x9F\x91\xA8\xE2\x80\x8D\xE2\x9A\x96\xEF\xB8\x8F", 1},
	{"\xF0\x9F\x91\xA9\xE2\x80\x8D\xE2\x9A\x96\xEF\xB8\x8F", 1},
	{"\xF0\x9F\xA7\x91\xE2\x80\x8D\xF0\x9F\x8C\xBE", 1},
	{"\xF0\x9F\x91\xA8\xE2\x80\x8D\xF0\x9F\x8C\xBE", 1},
	{"\xF0\x9F\x91\xA9\xE2\x80\x8D\xF0\x9F\x8C\xBE", 1},
	{"\xF0\x9F\xA7\x91\xE2\x80\x8D\xF0\x9F\x8D\xB3", 1},
	{"\xF0\x9F\x91\xA8\xE2\x80\x8D\xF0\x9F\x8D\xB3", 1},
	{"\xF0\x9F\x91\xA9\xE2\x80\x8D\xF0\x9F\x8D\xB3", 1},
	{"\xF0\x9F\xA7\x91\xE2\x80\x8D\xF0\x9F\x94\xA7", 1},
	{"\xF0\x9F\x91\xA8\xE2\x80\x8D\xF0\x9F\x94\xA7", 1},
	{"\xF0\x9F\x91\xA9\xE2\x80\x8D\xF0\x9F\x94\xA7", 1},
	{"\xF0\x9F\xA7\x91\xE2\x80\x8D\xF0\x9F\x8F\xAD", 1},
	{"\xF0\x9F\x91\xA8\xE2\x80\x8D\xF0\x9F\x8F\xAD", 1},
	{"\xF0\x9F\x91\xA9\xE2\x80\x8D\xF0\x9F\x8F\xAD", 1},
	{"\xF0\x9F\xA7\x91\xE2\x80\x8D\xF0\x9F\x92\xBC", 1},
	{"\xF0\x9F\x91\xA8\xE2\x80\x8D\xF0\x9F\x92\xBC", 1},
	{"\xF0\x9F\x91\xA9\xE2\x80\x8D\xF0\x9F\x92\xBC", 1},
	{"\xF0\x9F\xA7\x91\xE2\x80\x8D\xF0\x9F\x94\xAC", 1},
	{"\xF0\x9F\x91\xA8\xE2\x80\x8D\xF0\x9F\x94\xAC", 1},
	{"\xF0\x9F\x91\xA9\xE2\x80\x8D\xF0\x9F\x94\xAC", 1},
	{"\xF0\x9F\xA7\x91\xE2\x80\x8D\xF0\x9F\x92\xBB", 1},
	{"\xF0\x9F\x91\xA8\xE2\x80\x8D\xF0\x9F\x92\xBB", 1},
	{"\xF0\x9F\x91\xA9\xE2\x80\x8D\xF0\x9F\x92\xBB", 1},
	{"\xF0\x9F\xA7\x91\xE2\x80\x8D\xF0\x9F\x8E\xA4", 1},
	{"\xF0\x9F\x91\xA8\xE2\x80\x8D\xF0\x9F\x8E\xA4", 1},
	{"\xF0\x9F\x91\xA9\xE2\x80\x8D\xF0\x9F\x8E\xA4", 1},
	{"\xF0\x9F\xA7\x91\xE2\x80\x8D\xF0\x9F\x8E\xA8", 1},
	{"\xF0\x9F\x91\xA8\xE2\x80\x8D\xF0\x9F\x8E\xA8", 1},
	{"\xF0\x9F\x91\xA9\xE2\x80\x8D\xF0\x9F\x8E\xA8", 1},
	{"\xF0\x9F\xA7\x91\xE2\x80\x8D\xE2\x9C\x88\xEF\xB8\x8F", 1},
	{"\xF0\x9F\x91\xA8\xE2\x80\x8D\xE2\x9C\x88\xEF\xB8\x8F", 1},
	{"\xF0\x9F\x91\xA9\xE2\x80\x8D\xE2\x9C\x88\xEF\xB8\x8F", 1},
	{"\xF0\x9F\xA7\x91\xE2\x80\x8D\xF0\x9F\x9A\x80", 1},
	{"\xF0\x9F\x91\xA8\xE2\x80\x8D\xF0\x9F\x9A\x80", 1},
	{"\xF0\x9F\x91\xA9\xE2\x80\x8D\xF0\x9F\x9A\x80", 1},
	{"\xF0\x9F\xA7\x91\xE2\x80\x8D\xF0\x9F\x9A\x92", 1},
	{"\xF0\x9F\x91\xA8\xE2\x80\x8D\xF0\x9F\x9A\x92", 1},
	{"\xF0\x9F\x91\xA9\xE2\x80\x8D\xF0\x9F\x9A\x92", 1},
	{"\xF0\x9F\x91\xAE", 1},
	{"\xF0\x9F\x91\xAE\xE2\x80\x8D\xE2\x99\x82\xEF\xB8\x8F", 1},
	{"\xF0\x9F\x91\xAE\xE2\x80\x8D\xE2\x99\x80\xEF\xB8\x8F", 1},
	{"\xF0\x9F\x95\xB5\xEF\xB8\x8F", 1},
	{"\xF0\x9F\x95\xB5\xEF\xB8\x8F\xE2\x80\x8D\xE2\x99\x82\xEF\xB8\x8F", 1},
	{"\xF0\x9F\x95\xB5\xEF\xB8\x8F\xE2\x80\x8D\xE2\x99\x80\xEF\xB8\x8F", 1},
	{"\xF0\x9F\x92\x82", 1},
	{"\xF0\x9F\x92\x82\xE2\x80\x8D\xE2\x99\x82\xEF\xB8\x8F", 1},
	{"\xF0\x9F\x92\x82\xE2\x80\x8D\xE2\x99\x80\xEF\xB8\x8F", 1},
	{"\xF0\x9F\xA5\xB7", 1},
	{"\xF0\x9F\x91\xB7", 1},
	{"\xF0\x9F\x91\xB7\xE2\x80\x8D\xE2\x99\x82\xEF\xB8\x8F", 1},
	{"\xF0\x9F\x91\xB7\xE2\x80\x8D\xE2\x99\x80\xEF\xB8\x8F", 1},
	{"\xF0\x9F\xAB\x85", 1},
	{"\xF0\x9F\xA4\xB4", 1},
	{"\xF0\x9F\x91\xB8", 1},
	{"\xF0\x9F\x91\xB3", 1},
	{"\xF0\x9F\x91\xB3\xE2\x80\x8D\xE2\x99\x82\xEF\xB8\x8F", 1},
	{"\xF0\x9F\x91\xB3\xE2\x80\x8D\xE2\x99\x80\xEF\xB8\x8F", 1},
	{"\xF0\x9F\x91\xB2", 1},
	{"\xF0\x9F\xA7\x95", 1},
	{"\xF0\x9F\xA4\xB5", 1},
	{"\xF0\x9F\xA4\xB5\xE2\x80\x8D\xE2\x99\x82\xEF\xB8\x8F", 1},
	{"\xF0\x9F\xA4\xB5\xE2\x80\x8D\xE2\x99\x80\xEF\xB8\x8F", 1},
	{"\xF0\x9F\x91\xB0", 1},
	{"\xF0\x9F\x91\xB0\xE2\x80\x8D\xE2\x99\x82\xEF\xB8\x8F", 1},
	{"\xF0\x9F\x91\xB0\xE2\x80\x8D\xE2\x99\x80\xEF\xB8\x8F", 1},
	{"\xF0\x9F\xA4\xB0", 1},
	{"\xF0\x9F\xAB\x83", 1},
	{"\xF0\x9F\xAB\x84", 1},
	{"\xF0\x9F\xA4\xB1", 1},
	{"\xF0\x9F\x91\xA9\xE2\x80\x8D\xF0\x9F\x8D\xBC", 1},
	{"\xF0\x9F\x91\xA8\xE2\x80\x8D\xF0\x9F\x8D\xBC", 1},
	{"\xF0\x9F\xA7\x91\xE2\x80\x8D\xF0\x9F\x8D\xBC", 1},
	{"\xF0\x9F\x91\xBC", 1},
	{"\xF0\x9F\x8E\x85", 1},
	{"\xF0\x9F\xA4\xB6", 1},
	{"\xF0\x9F\xA7\x91\xE2\x80\x8D\xF0\x9F\x8E\x84", 1},
	{"\xF0\x9F\xA6\xB8", 1},
	{"\xF0\x9F\xA6\xB8\xE2\x80\x8D\xE2\x99\x82\xEF\xB8\x8F", 1},
	{"\xF0\x9F\xA6\xB8\xE2\x80\x8D\xE2\x99\x80\xEF\xB8\x8F", 1},
	{"\xF0\x9F\xA6\xB9", 1},
	{"\xF0\x9F\xA6\xB9\xE2\x80\x8D\xE2\x99\x82\xEF\xB8\x8F", 1},
	{"\xF0\x9F\xA6\xB9\xE2\x80\x8D\xE2\x99\x80\xEF\xB8\x8F", 1},
	{"\xF0\x9F\xA7\x99", 1},
	{"\xF0\x9F\xA7\x99\xE2\x80\x8D\xE2\x99\x82\xEF\xB8\x8F", 1},
	{"\xF0\x9F\xA7\x99\xE2\x80\x8D\xE2\x99\x80\xEF\xB8\x8F", 1},
	{"\xF0\x9F\xA7\x9A", 1},
	{"\xF0\x9F\xA7\x9A\xE2\x80\x8D\xE2\x99\x82\xEF\xB8\x8F", 1},
	{"\xF0\x9F\xA7\x9A\xE2\x80\x8D\xE2\x99\x80\xEF\xB8\x8F", 1},
	{"\xF0\x9F\xA7\x9B", 1},
	{"\xF0\x9F\xA7\x9B\xE2\x80\x8D\xE2\x99\x82\xEF\xB8\x8F", 1},
	{"\xF0\x9F\xA7\x9B\xE2\x80\x8D\xE2\x99\x80\xEF\xB8\x8F", 1},
	{"\xF0\x9F\xA7\x9C", 1},
	{"\xF0\x9F\xA7\x9C\xE2\x80\x8D\xE2\x99\x82\xEF\xB8\x8F", 1},
	{"\xF0\x9F\xA7\x9C\xE2\x80\x8D\xE2\x99\x80\xEF\xB8\x8F", 1},
	{"\xF0\x9F\xA7\x9D", 1},
	{"\xF0\x9F\xA7\x9D\xE2\x80\x8D\xE2\x99\x82\xEF\xB8\x8F", 1},
	{"\xF0\x9F\xA7\x9D\xE2\x80\x8D\xE2\x99\x80\xEF\xB8\x8F", 1},
	{"\xF0\x9F\xA7\x9E", 0},
	{"\xF0\x9F\xA7\x9E\xE2\x80\x8D\xE2\x99\x82\xEF\xB8\x8F", 0},
	{"\xF0\x9F\xA7\x9E\xE2\x80\x8D\xE2\x99\x80\xEF\xB8\x8F", 0},
	{"\xF0\x9F\xA7\x9F", 0},
	{"\xF0\x9F\xA7\x9F\xE2\x80\x8D\xE2\x99\x82\xEF\xB8\x8F", 0},
	{"\xF0\x9F\xA7\x9F\xE2\x80\x8D\xE2\x99\x80\xEF\xB8\x8F", 0},
	{"\xF0\x9F\xA7\x8C", 0},
	{"\xF0\x9F\xAB\x88", 0},
	{"\xF0\x9F\x92\x86", 1},
	{"\xF0\x9F\x92\x86\xE2\x80\x8D\xE2\x99\x82\xEF\xB8\x8F", 1},
	{"\xF0\x9F\x92\x86\xE2\x80\x8D\xE2\x99\x80\xEF\xB8\x8F", 1},
	{"\xF0\x9F\x92\x87", 1},
	{"\xF0\x9F\x92\x87\xE2\x80\x8D\xE2\x99\x82\xEF\xB8\x8F", 1},
	{"\xF0\x9F\x92\x87\xE2\x80\x8D\xE2\x99\x80\xEF\xB8\x8F", 1},
	{"\xF0\x9F\x9A\xB6", 1},
	{"\xF0\x9F\x9A\xB6\xE2\x80\x8D\xE2\x99\x82\xEF\xB8\x8F", 1},
	{"\xF0\x9F\x9A\xB6\xE2\x80\x8D\xE2\x99\x80\xEF\xB8\x8F", 1},
	{"\xF0\x9F\x9A\xB6\xE2\x80\x8D\xE2\x9E\xA1\xEF\xB8\x8F", 1},
	{"\xF0\x9F\x9A\xB6\xE2\x80\x8D\xE2\x99\x80\xEF\xB8\x8F\xE2\x80\x8D\xE2\x9E\xA1\xEF\xB8\x8F", 1},
	{"\xF0\x9F\x9A\xB6\xE2\x80\x8D\xE2\x99\x82\xEF\xB8\x8F\xE2\x80\x8D\xE2\x9E\xA1\xEF\xB8\x8F", 1},
	{"\xF0\x9F\xA7\x8D", 1},
	{"\xF0\x9F\xA7\x8D\xE2\x80\x8D\xE2\x99\x82\xEF\xB8\x8F", 1},
	{"\xF0\x9F\xA7\x8D\xE2\x80\x8D\xE2\x99\x80\xEF\xB8\x8F", 1},
	{"\xF0\x9F\xA7\x8E", 1},
	{"\xF0\x9F\xA7\x8E\xE2\x80\x8D\xE2\x99\x82\xEF\xB8\x8F", 1},
	{"\xF0\x9F\xA7\x8E\xE2\x80\x8D\xE2\x99\x80\xEF\xB8\x8F", 1},
	{"\xF0\x9F\xA7\x8E\xE2\x80\x8D\xE2\x9E\xA1\xEF\xB8\x8F", 1},
	{"\xF0\x9F\xA7\x8E\xE2\x80\x8D\xE2\x99\x80\xEF\xB8\x8F\xE2\x80\x8D\xE2\x9E\xA1\xEF\xB8\x8F", 1},
	{"\xF0\x9F\xA7\x8E\xE2\x80\x8D\xE2\x99\x82\xEF\xB8\x8F\xE2\x80\x8D\xE2\x9E\xA1\xEF\xB8\x8F", 1},
	{"\xF0\x9F\xA7\x91\xE2\x80\x8D\xF0\x9F\xA6\xAF", 1},
	{"\xF0\x9F\xA7\x91\xE2\x80\x8D\xF0\x9F\xA6\xAF\xE2\x80\x8D\xE2\x9E\xA1\xEF\xB8\x8F", 1},
	{"\xF0\x9F\x91\xA8\xE2\x80\x8D\xF0\x9F\xA6\xAF", 1},
	{"\xF0\x9F\x91\xA8\xE2\x80\x8D\xF0\x9F\xA6\xAF\xE2\x80\x8D\xE2\x9E\xA1\xEF\xB8\x8F", 1},
	{"\xF0\x9F\x91\xA9\xE2\x80\x8D\xF0\x9F\xA6\xAF", 1},
	{"\xF0\x9F\x91\xA9\xE2\x80\x8D\xF0\x9F\xA6\xAF\xE2\x80\x8D\xE2\x9E\xA1\xEF\xB8\x8F", 1},
	{"\xF0\x9F\xA7\x91\xE2\x80\x8D\xF0\x9F\xA6\xBC", 1},
	{"\xF0\x9F\xA7\x91\xE2\x80\x8D\xF0\x9F\xA6\xBC\xE2\x80\x8D\xE2\x9E\xA1\xEF\xB8\x8F", 1},
	{"\xF0\x9F\x91\xA8\xE2\x80\x8D\xF0\x9F\xA6\xBC", 1},
	{"\xF0\x9F\x91\xA8\xE2\x80\x8D\xF0\x9F\xA6\xBC\xE2\x80\x8D\xE2\x9E\xA1\xEF\xB8\x8F", 1},
	{"\xF0\x9F\x91\xA9\xE2\x80\x8D\xF0\x9F\xA6\xBC", 1},
	{"\xF0\x9F\x91\xA9\xE2\x80\x8D\xF0\x9F\xA6\xBC\xE2\x80\x8D\xE2\x9E\xA1\xEF\xB8\x8F", 1},
	{"\xF0\x9F\xA7\x91\xE2\x80\x8D\xF0\x9F\xA6\xBD", 1},
	{"\xF0\x9F\xA7\x91\xE2\x80\x8D\xF0\x9F\xA6\xBD\xE2\x80\x8D\xE2\x9E\xA1\xEF\xB8\x8F", 1},
	{"\xF0\x9F\x91\xA8\xE2\x80\x8D\xF0\x9F\xA6\xBD", 1},
	{"\xF0\x9F\x91\xA8\xE2\x80\x8D\xF0\x9F\xA6\xBD\xE2\x80\x8D\xE2\x9E\xA1\xEF\xB8\x8F", 1},
	{"\xF0\x9F\x91\xA9\xE2\x80\x8D\xF0\x9F\xA6\xBD", 1},
	{"\xF0\x9F\x91\xA9\xE2\x80\x8D\xF0\x9F\xA6\xBD\xE2\x80\x8D\xE2\x9E\xA1\xEF\xB8\x8F", 1},
	{"\xF0\x9F\x8F\x83", 1},
	{"\xF0\x9F\x8F\x83\xE2\x80\x8D\xE2\x99\x82\xEF\xB8\x8F", 1},
	{"\xF0\x9F\x8F\x83\xE2\x80\x8D\xE2\x99\x80\xEF\xB8\x8F", 1},
	{"\xF0\x9F\x8F\x83\xE2\x80\x8D\xE2\x9E\xA1\xEF\xB8\x8F", 1},
	{"\xF0\x9F\x8F\x83\xE2\x80\x8D\xE2\x99\x80\xEF\xB8\x8F\xE2\x80\x8D\xE2\x9E\xA1\xEF\xB8\x8F", 1},
	{"\xF0\x9F\x8F\x83\xE2\x80\x8D\xE2\x99\x82\xEF\xB8\x8F\xE2\x80\x8D\xE2\x9E\xA1\xEF\xB8\x8F", 1},
	{"\xF0\x9F\xA7\x91\xE2\x80\x8D\xF0\x9F\xA9\xB0", 1},
	{"\xF0\x9F\x92\x83", 1},
	{"\xF0\x9F\x95\xBA", 1},
	{"\xF0\x9F\x95\xB4\xEF\xB8\x8F", 1},
	{"\xF0\x9F\x91\xAF", 1},
	{"\xF0\x9F\x91\xAF\xE2\x80\x8D\xE2\x99\x82\xEF\xB8\x8F", 1},
	{"\xF0\x9F\x91\xAF\xE2\x80\x8D\xE2\x99\x80\xEF\xB8\x8F", 1},
	{"\xF0\x9F\xA7\x96", 1},
	{"\xF0\x9F\xA7\x96\xE2\x80\x8D\xE2\x99\x82\xEF\xB8\x8F", 1},
	{"\xF0\x9F\xA7\x96\xE2\x80\x8D\xE2\x99\x80\xEF\xB8\x8F", 1},
	{"\xF0\x9F\xA7\x97", 1},
	{"\xF0\x9F\xA7\x97\xE2\x80\x8D\xE2\x99\x82\xEF\xB8\x8F", 1},
	{"\xF0\x9F\xA7\x97\xE2\x80\x8D\xE2\x99\x80\xEF\xB8\x8F", 1},
	{"\xF0\x9F\xA4\xBA", 0},
	{"\xF0\x9F\x8F\x87", 1},
	{"\xE2\x9B\xB7\xEF\xB8\x8F", 0},
	{"\xF0\x9F\x8F\x82", 1},
	{"\xF0\x9F\x8F\x8C\xEF\xB8\x8F", 1},
	{"\xF0\x9F\x8F\x8C\xEF\xB8\x8F\xE2\x80\x8D\xE2\x99\x82\xEF\xB8\x8F", 1},
	{"\xF0\x9F\x8F\x8C\xEF\xB8\x8F\xE2\x80\x8D\xE2\x99\x80\xEF\xB8\x8F", 1},
	{"\xF0\x9F\x8F\x84", 1},
	{"\xF0\x9F\x8F\x84\xE2\x80\x8D\xE2\x99\x82\xEF\xB8\x8F", 1},
	{"\xF0\x9F\x8F\x84\xE2\x80\x8D\xE2\x99\x80\xEF\xB8\x8F", 1},
	{"\xF0\x9F\x9A\xA3", 1},
	{"\xF0\x9F\x9A\xA3\xE2\x80\x8D\xE2\x99\x82\xEF\xB8\x8F", 1},
	{"\xF0\x9F\x9A\xA3\xE2\x80\x8D\xE2\x99\x80\xEF\xB8\x8F", 1},
	{"\xF0\x9F\x8F\x8A", 1},
	{"\xF0\x9F\x8F\x8A\xE2\x80\x8D\xE2\x99\x82\xEF\xB8\x8F", 1},
	{"\xF0\x9F\x8F\x8A\xE2\x80\x8D\xE2\x99\x80\xEF\xB8\x8F", 1},
	{"\xE2\x9B\xB9\xEF\xB8\x8F", 1},
	{"\xE2\x9B\xB9\xEF\xB8\x8F\xE2\x80\x8D\xE2\x99\x82\xEF\xB8\x8F", 1},
	{"\xE2\x9B\xB9\xEF\xB8\x8F\xE2\x80\x8D\xE2\x99\x80\xEF\xB8\x8F", 1},
	{"\xF0\x9F\x8F\x8B\xEF\xB8\x8F", 1},
	{"\xF0\x9F\x8F\x8B\xEF\xB8\x8F\xE2\x80\x8D\xE2\x99\x82\xEF\xB8\x8F", 1},
	{"\xF0\x9F\x8F\x8B\xEF\xB8\x8F\xE2\x80\x8D\xE2\x99\x80\xEF\xB8\x8F", 1},
	{"\xF0\x9F\x9A\xB4", 1},
	{"\xF0\x9F\x9A\xB4\xE2\x80\x8D\xE2\x99\x82\xEF\xB8\x8F", 1},
	{"\xF0\x9F\x9A\xB4\xE2\x80\x8D\xE2\x99\x80\xEF\xB8\x8F", 1},
	{"\xF0\x9F\x9A\xB5", 1},
	{"\xF0\x9F\x9A\xB5\xE2\x80\x8D\xE2\x99\x82\xEF\xB8\x8F", 1},
	{"\xF0\x9F\x9A\xB5\xE2\x80\x8D\xE2\x99\x80\xEF\xB8\x8F", 1},
	{"\xF0\x9F\xA4\xB8", 1},
	{"\xF0\x9F\xA4\xB8\xE2\x80\x8D\xE2\x99\x82\xEF\xB8\x8F", 1},
	{"\xF0\x9F\xA4\xB8\xE2\x80\x8D\xE2\x99\x80\xEF\xB8\x8F", 1},
	{"\xF0\x9F\xA4\xBC", 1},
	{"\xF0\x9F\xA4\xBC\xE2\x80\x8D\xE2\x99\x82\xEF\xB8\x8F", 1},
	{"\xF0\x9F\xA4\xBC\xE2\x80\x8D\xE2\x99\x80\xEF\xB8\x8F", 1},
	{"\xF0\x9F\xA4\xBD", 1},
	{"\xF0\x9F\xA4\xBD\xE2\x80\x8D\xE2\x99\x82\xEF\xB8\x8F", 1},
	{"\xF0\x9F\xA4\xBD\xE2\x80\x8D\xE2\x99\x80\xEF\xB8\x8F", 1},
	{"\xF0\x9F\xA4\xBE", 1},
	{"\xF0\x9F\xA4\xBE\xE2\x80\x8D\xE2\x99\x82\xEF\xB8\x8F", 1},
	{"\xF0\x9F\xA4\xBE\xE2\x80\x8D\xE2\x99\x80\xEF\xB8\x8F", 1},
	{"\xF0\x9F\xA4\xB9", 1},
	{"\xF0\x9F\xA4\xB9\xE2\x80\x8D\xE2\x99\x82\xEF\xB8\x8F", 1},
	{"\xF0\x9F\xA4\xB9\xE2\x80\x8D\xE2\x99\x80\xEF\xB8\x8F", 1},
	{"\xF0\x9F\xA7\x98", 1},
	{"\xF0\x9F\xA7\x98\xE2\x80\x8D\xE2\x99\x82\xEF\xB8\x8F", 1},
	{"\xF0\x9F\xA7\x98\xE2\x80\x8D\xE2\x99\x80\xEF\xB8\x8F", 1},
	{"\xF0\x9F\x9B\x80", 1},
	{"\xF0\x9F\x9B\x8C", 1},
	{"\xF0\x9F\xA7\x91\xE2\x80\x8D\xF0\x9F\xA4\x9D\xE2\x80\x8D\xF0\x9F\xA7\x91", 1},
	{"\xF0\x9F\x91\xAD", 1},
	{"\xF0\x9F\x91\xAB", 1},
	{"\xF0\x9F\x91\xAC", 1},
	{"\xF0\x9F\x92\x8F", 1},
	{"\xF0\x9F\x91\xA9\xE2\x80\x8D\xE2\x9D\xA4\xEF\xB8\x8F\xE2\x80\x8D\xF0\x9F\x92\x8B\xE2\x80\x8D\xF0\x9F\x91\xA8", 1},
	{"\xF0\x9F\x91\xA8\xE2\x80\x8D\xE2\x9D\xA4\xEF\xB8\x8F\xE2\x80\x8D\xF0\x9F\x92\x8B\xE2\x80\x8D\xF0\x9F\x91\xA8", 1},
	{"\xF0\x9F\x91\xA9\xE2\x80\x8D\xE2\x9D\xA4\xEF\xB8\x8F\xE2\x80\x8D\xF0\x9F\x92\x8B\xE2\x80\x8D\xF0\x9F\x91\xA9", 1},
	{"\xF0\x9F\x92\x91", 1},
	{"\xF0\x9F\x91\xA9\xE2\x80\x8D\xE2\x9D\xA4\xEF\xB8\x8F\xE2\x80\x8D\xF0\x9F\x91\xA8", 1},
	{"\xF0\x9F\x91\xA8\xE2\x80\x8D\xE2\x9D\xA4\xEF\xB8\x8F\xE2\x80\x8D\xF0\x9F\x91\xA8", 1},
	{"\xF0\x9F\x91\xA9\xE2\x80\x8D\xE2\x9D\xA4\xEF\xB8\x8F\xE2\x80\x8D\xF0\x9F\x91\xA9", 1},
	{"\xF0\x9F\x91\xA8\xE2\x80\x8D\xF0\x9F\x91\xA9\xE2\x80\x8D\xF0\x9F\x91\xA6", 0},
	{"\xF0\x9F\x91\xA8\xE2\x80\x8D\xF0\x9F\x91\xA9\xE2\x80\x8D\xF0\x9F\x91\xA7", 0},
	{"\xF0\x9F\x91\xA8\xE2\x80\x8D\xF0\x9F\x91\xA9\xE2\x80\x8D\xF0\x9F\x91\xA7\xE2\x80\x8D\xF0\x9F\x91\xA6", 0},
	{"\xF0\x9F\x91\xA8\xE2\x80\x8D\xF0\x9F\x91\xA9\xE2\x80\x8D\xF0\x9F\x91\xA6\xE2\x80\x8D\xF0\x9F\x91\xA6", 0},
	{"\xF0\x9F\x91\xA8\xE2\x80\x8D\xF0\x9F\x91\xA9\xE2\x80\x8D\xF0\x9F\x91\xA7\xE2\x80\x8D\xF0\x9F\x91\xA7", 0},
	{"\xF0\x9F\x91\xA8\xE2\x80\x8D\xF0\x9F\x91\xA8\xE2\x80\x8D\xF0\x9F\x91\xA6", 0},
	{"\xF0\x9F\x91\xA8\xE2\x80\x8D\xF0\x9F\x91\xA8\xE2\x80\x8D\xF0\x9F\x91\xA7", 0},
	{"\xF0\x9F\x91\xA8\xE2\x80\x8D\xF0\x9F\x91\xA8\xE2\x80\x8D\xF0\x9F\x91\xA7\xE2\x80\x8D\xF0\x9F\x91\xA6", 0},
	{"\xF0\x9F\x91\xA8\xE2\x80\x8D\xF0\x9F\x91\xA8\xE2\x80\x8D\xF0\x9F\x91\xA6\xE2\x80\x8D\xF0\x9F\x91\xA6", 0},
	{"\xF0\x9F\x91\xA8\xE2\x80\x8D\xF0\x9F\x91\xA8\xE2\x80\x8D\xF0\x9F\x91\xA7\xE2\x80\x8D\xF0\x9F\x91\xA7", 0},
	{"\xF0\x9F\x91\xA9\xE2\x80\x8D\xF0\x9F\x91\xA9\xE2\x80\x8D\xF0\x9F\x91\xA6", 0},
	{"\xF0\x9F\x91\xA9\xE2\x80\x8D\xF0\x9F\x91\xA9\xE2\x80\x8D\xF0\x9F\x91\xA7", 0},
	{"\xF0\x9F\x91\xA9\xE2\x80\x8D\xF0\x9F\x91\xA9\xE2\x80\x8D\xF0\x9F\x91\xA7\xE2\x80\x8D\xF0\x9F\x91\xA6", 0},
	{"\xF0\x9F\x91\xA9\xE2\x80\x8D\xF0\x9F\x91\xA9\xE2\x80\x8D\xF0\x9F\x91\xA6\xE2\x80\x8D\xF0\x9F\x91\xA6", 0},
	{"\xF0\x9F\x91\xA9\xE2\x80\x8D\xF0\x9F\x91\xA9\xE2\x80\x8D\xF0\x9F\x91\xA7\xE2\x80\x8D\xF0\x9F\x91\xA7", 0},
	{"\xF0\x9F\x91\xA8\xE2\x80\x8D\xF0\x9F\x91\xA6", 0},
	{"\xF0\x9F\x91\xA8\xE2\x80\x8D\xF0\x9F\x91\xA6\xE2\x80\x8D\xF0\x9F\x91\xA6", 0},
	{"\xF0\x9F\x91\xA8\xE2\x80\x8D\xF0\x9F\x91\xA7", 0},
	{"\xF0\x9F\x91\xA8\xE2\x80\x8D\xF0\x9F\x91\xA7\xE2\x80\x8D\xF0\x9F\x91\xA6", 0},
	{"\xF0\x9F\x91\xA8\xE2\x80\x8D\xF0\x9F\x91\xA7\xE2\x80\x8D\xF0\x9F\x91\xA7", 0},
	{"\xF0\x9F\x91\xA9\xE2\x80\x8D\xF0\x9F\x91\xA6", 0},
	{"\xF0\x9F\x91\xA9\xE2\x80\x8D\xF0\x9F\x91\xA6\xE2\x80\x8D\xF0\x9F\x91\xA6", 0},
	{"\xF0\x9F\x91\xA9\xE2\x80\x8D\xF0\x9F\x91\xA7", 0},
	{"\xF0\x9F\x91\xA9\xE2\x80\x8D\xF0\x9F\x91\xA7\xE2\x80\x8D\xF0\x9F\x91\xA6", 0},
	{"\xF0\x9F\x91\xA9\xE2\x80\x8D\xF0\x9F\x91\xA7\xE2\x80\x8D\xF0\x9F\x91\xA7", 0},
	{"\xF0\x9F\x97\xA3\xEF\xB8\x8F", 0},
	{"\xF0\x9F\x91\xA4", 0},
	{"\xF0\x9F\x91\xA5", 0},
	{"\xF0\x9F\xAB\x82", 0},
	{"\xF0\x9F\x91\xAA", 0},
	{"\xF0\x9F\xA7\x91\xE2\x80\x8D\xF0\x9F\xA7\x91\xE2\x80\x8D\xF0\x9F\xA7\x92", 0},
	{"\xF0\x9F\xA7\x91\xE2\x80\x8D\xF0\x9F\xA7\x91\xE2\x80\x8D\xF0\x9F\xA7\x92\xE2\x80\x8D\xF0\x9F\xA7\x92", 0},
	{"\xF0\x9F\xA7\x91\xE2\x80\x8D\xF0\x9F\xA7\x92", 0},
	{"\xF0\x9F\xA7\x91\xE2\x80\x8D\xF0\x9F\xA7\x92\xE2\x80\x8D\xF0\x9F\xA7\x92", 0},
	{"\xF0\x9F\x91\xA3", 0},
	{"\xF0\x9F\xAB\x86", 0},
	{"\xF0\x9F\x8F\xBB", 0},
	{"\xF0\x9F\x8F\xBC", 0},
	{"\xF0\x9F\x8F\xBD", 0},
	{"\xF0\x9F\x8F\xBE", 0},
	{"\xF0\x9F\x8F\xBF", 0},
	{"\xF0\x9F\x90\xB5", 0},
	{"\xF0\x9F\x90\x92", 0},
	{"\xF0\x9F\xA6\x8D", 0},
	{"\xF0\x9F\xA6\xA7", 0},
	{"\xF0\x9F\x90\xB6", 0},
	{"\xF0\x9F\x90\x95", 0},
	{"\xF0\x9F\xA6\xAE", 0},
	{"\xF0\x9F\x90\x95\xE2\x80\x8D\xF0\x9F\xA6\xBA", 0},
	{"\xF0\x9F\x90\xA9", 0},
	{"\xF0\x9F\x90\xBA", 0},
	{"\xF0\x9F\xA6\x8A", 0},
	{"\xF0\x9F\xA6\x9D", 0},
	{"\xF0\x9F\x90\xB1", 0},
	{"\xF0\x9F\x90\x88", 0},
	{"\xF0\x9F\x90\x88\xE2\x80\x8D\xE2\xAC\x9B", 0},
	{"\xF0\x9F\xA6\x81", 0},
	{"\xF0\x9F\x90\xAF", 0},
	{"\xF0\x9F\x90\x85", 0},
	{"\xF0\x9F\x90\x86", 0},
	{"\xF0\x9F\x90\xB4", 0},
	{"\xF0\x9F\xAB\x8E", 0},
	{"\xF0\x9F\xAB\x8F", 0},
	{"\xF0\x9F\x90\x8E", 0},
	{"\xF0\x9F\xA6\x84", 0},
	{"\xF0\x9F\xA6\x93", 0},
	{"\xF0\x9F\xA6\x8C", 0},
	{"\xF0\x9F\xA6\xAC", 0},
	{"\xF0\x9F\x90\xAE", 0},
	{"\xF0\x9F\x90\x82", 0},
	{"\xF0\x9F\x90\x83", 0},
	{"\xF0\x9F\x90\x84", 0},
	{"\xF0\x9F\x90\xB7", 0},
	{"\xF0\x9F\x90\x96", 0},
	{"\xF0\x9F\x90\x97", 0},
	{"\xF0\x9F\x90\xBD", 0},
	{"\xF0\x9F\x90\x8F", 0},
	{"\xF0\x9F\x90\x91", 0},
	{"\xF0\x9F\x90\x90", 0},
	{"\xF0\x9F\x90\xAA", 0},
	{"\xF0\x9F\x90\xAB", 0},
	{"\xF0\x9F\xA6\x99", 0},
	{"\xF0\x9F\xA6\x92", 0},
	{"\xF0\x9F\x90\x98", 0},
	{"\xF0\x9F\xA6\xA3", 0},
	{"\xF0\x9F\xA6\x8F", 0},
	{"\xF0\x9F\xA6\x9B", 0},
	{"\xF0\x9F\x90\xAD", 0},
	{"\xF0\x9F\x90\x81", 0},
	{"\xF0\x9F\x90\x80", 0},
	{"\xF0\x9F\x90\xB9", 0},
	{"\xF0\x9F\x90\xB0", 0},
	{"\xF0\x9F\x90\x87", 0},
	{"\xF0\x9F\x90\xBF\xEF\xB8\x8F", 0},
	{"\xF0\x9F\xA6\xAB", 0},
	{"\xF0\x9F\xA6\x94", 0},
	{"\xF0\x9F\xA6\x87", 0},
	{"\xF0\x9F\x90\xBB", 0},
	{"\xF0\x9F\x90\xBB\xE2\x80\x8D\xE2\x9D\x84\xEF\xB8\x8F", 0},
	{"\xF0\x9F\x90\xA8", 0},
	{"\xF0\x9F\x90\xBC", 0},
	{"\xF0\x9F\xA6\xA5", 0},
	{"\xF0\x9F\xA6\xA6", 0},
	{"\xF0\x9F\xA6\xA8", 0},
	{"\xF0\x9F\xA6\x98", 0},
	{"\xF0\x9F\xA6\xA1", 0},
	{"\xF0\x9F\x90\xBE", 0},
	{"\xF0\x9F\xA6\x83", 0},
	{"\xF0\x9F\x90\x94", 0},
	{"\xF0\x9F\x90\x93", 0},
	{"\xF0\x9F\x90\xA3", 0},
	{"\xF0\x9F\x90\xA4", 0},
	{"\xF0\x9F\x90\xA5", 0},
	{"\xF0\x9F\x90\xA6", 0},
	{"\xF0\x9F\x90\xA7", 0},
	{"\xF0\x9F\x95\x8A\xEF\xB8\x8F", 0},
	{"\xF0\x9F\xA6\x85", 0},
	{"\xF0\x9F\xA6\x86", 0},
	{"\xF0\x9F\xA6\xA2", 0},
	{"\xF0\x9F\xA6\x89", 0},
	{"\xF0\x9F\xA6\xA4", 0},
	{"\xF0\x9F\xAA\xB6", 0},
	{"\xF0\x9F\xA6\xA9", 0},
	{"\xF0\x9F\xA6\x9A", 0},
	{"\xF0\x9F\xA6\x9C", 0},
	{"\xF0\x9F\xAA\xBD", 0},
	{"\xF0\x9F\x90\xA6\xE2\x80\x8D\xE2\xAC\x9B", 0},
	{"\xF0\x9F\xAA\xBF", 0},
	{"\xF0\x9F\x90\xA6\xE2\x80\x8D\xF0\x9F\x94\xA5", 0},
	{"\xF0\x9F\x90\xB8", 0},
	{"\xF0\x9F\x90\x8A", 0},
	{"\xF0\x9F\x90\xA2", 0},
	{"\xF0\x9F\xA6\x8E", 0},
	{"\xF0\x9F\x90\x8D", 0},
	{"\xF0\x9F\x90\xB2", 0},
	{"\xF0\x9F\x90\x89", 0},
	{"\xF0\x9F\xA6\x95", 0},
	{"\xF0\x9F\xA6\x96", 0},
	{"\xF0\x9F\x90\xB3", 0},
	{"\xF0\x9F\x90\x8B", 0},
	{"\xF0\x9F\x90\xAC", 0},
	{"\xF0\x9F\xAB\x8D", 0},
	{"\xF0\x9F\xA6\xAD", 0},
	{"\xF0\x9F\x90\x9F", 0},
	{"\xF0\x9F\x90\xA0", 0},
	{"\xF0\x9F\x90\xA1", 0},
	{"\xF0\x9F\xA6\x88", 0},
	{"\xF0\x9F\x90\x99", 0},
	{"\xF0\x9F\x90\x9A", 0},
	{"\xF0\x9F\xAA\xB8", 0},
	{"\xF0\x9F\xAA\xBC", 0},
	{"\xF0\x9F\xA6\x80", 0},
	{"\xF0\x9F\xA6\x9E", 0},
	{"\xF0\x9F\xA6\x90", 0},
	{"\xF0\x9F\xA6\x91", 0},
	{"\xF0\x9F\xA6\xAA", 0},
	{"\xF0\x9F\x90\x8C", 0},
	{"\xF0\x9F\xA6\x8B", 0},
	{"\xF0\x9F\x90\x9B", 0},
	{"\xF0\x9F\x90\x9C", 0},
	{"\xF0\x9F\x90\x9D", 0},
	{"\xF0\x9F\xAA\xB2", 0},
	{"\xF0\x9F\x90\x9E", 0},
	{"\xF0\x9F\xA6\x97", 0},
	{"\xF0\x9F\xAA\xB3", 0},
	{"\xF0\x9F\x95\xB7\xEF\xB8\x8F", 0},
	{"\xF0\x9F\x95\xB8\xEF\xB8\x8F", 0},
	{"\xF0\x9F\xA6\x82", 0},
	{"\xF0\x9F\xA6\x9F", 0},
	{"\xF0\x9F\xAA\xB0", 0},
	{"\xF0\x9F\xAA\xB1", 0},
	{"\xF0\x9F\xA6\xA0", 0},
	{"\xF0\x9F\x92\x90", 0},
	{"\xF0\x9F\x8C\xB8", 0},
	{"\xF0\x9F\x92\xAE", 0},
	{"\xF0\x9F\xAA\xB7", 0},
	{"\xF0\x9F\x8F\xB5\xEF\xB8\x8F", 0},
	{"\xF0\x9F\x8C\xB9", 0},
	{"\xF0\x9F\xA5\x80", 0},
	{"\xF0\x9F\x8C\xBA", 0},
	{"\xF0\x9F\x8C\xBB", 0},
	{"\xF0\x9F\x8C\xBC", 0},
	{"\xF0\x9F\x8C\xB7", 0},
	{"\xF0\x9F\xAA\xBB", 0},
	{"\xF0\x9F\x8C\xB1", 0},
	{"\xF0\x9F\xAA\xB4", 0},
	{"\xF0\x9F\x8C\xB2", 0},
	{"\xF0\x9F\x8C\xB3", 0},
	{"\xF0\x9F\x8C\xB4", 0},
	{"\xF0\x9F\x8C\xB5", 0},
	{"\xF0\x9F\x8C\xBE", 0},
	{"\xF0\x9F\x8C\xBF", 0},
	{"\xE2\x98\x98\xEF\xB8\x8F", 0},
	{"\xF0\x9F\x8D\x80", 0},
	{"\xF0\x9F\x8D\x81", 0},
	{"\xF0\x9F\x8D\x82", 0},
	{"\xF0\x9F\x8D\x83", 0},
	{"\xF0\x9F\xAA\xB9", 0},
	{"\xF0\x9F\xAA\xBA", 0},
	{"\xF0\x9F\x8D\x84", 0},
	{"\xF0\x9F\xAA\xBE", 0},
	{"\xF0\x9F\x8D\x87", 0},
	{"\xF0\x9F\x8D\x88", 0},
	{"\xF0\x9F\x8D\x89", 0},
	{"\xF0\x9F\x8D\x8A", 0},
	{"\xF0\x9F\x8D\x8B", 0},
	{"\xF0\x9F\x8D\x8B\xE2\x80\x8D\xF0\x9F\x9F\xA9", 0},
	{"\xF0\x9F\x8D\x8C", 0},
	{"\xF0\x9F\x8D\x8D", 0},
	{"\xF0\x9F\xA5\xAD", 0},
	{"\xF0\x9F\x8D\x8E", 0},
	{"\xF0\x9F\x8D\x8F", 0},
	{"\xF0\x9F\x8D\x90", 0},
	{"\xF0\x9F\x8D\x91", 0},
	{"\xF0\x9F\x8D\x92", 0},
	{"\xF0\x9F\x8D\x93", 0},
	{"\xF0\x9F\xAB\x90", 0},
	{"\xF0\x9F\xA5\x9D", 0},
	{"\xF0\x9F\x8D\x85", 0},
	{"\xF0\x9F\xAB\x92", 0},
	{"\xF0\x9F\xA5\xA5", 0},
	{"\xF0\x9F\xA5\x91", 0},
	{"\xF0\x9F\x8D\x86", 0},
	{"\xF0\x9F\xA5\x94", 0},
	{"\xF0\x9F\xA5\x95", 0},
	{"\xF0\x9F\x8C\xBD", 0},
	{"\xF0\x9F\x8C\xB6\xEF\xB8\x8F", 0},
	{"\xF0\x9F\xAB\x91", 0},
	{"\xF0\x9F\xA5\x92", 0},
	{"\xF0\x9F\xA5\xAC", 0},
	{"\xF0\x9F\xA5\xA6", 0},
	{"\xF0\x9F\xA7\x84", 0},
	{"\xF0\x9F\xA7\x85", 0},
	{"\xF0\x9F\xA5\x9C", 0},
	{"\xF0\x9F\xAB\x98", 0},
	{"\xF0\x9F\x8C\xB0", 0},
	{"\xF0\x9F\xAB\x9A", 0},
	{"\xF0\x9F\xAB\x9B", 0},
	{"\xF0\x9F\x8D\x84\xE2\x80\x8D\xF0\x9F\x9F\xAB", 0},
	{"\xF0\x9F\xAB\x9C", 0},
	{"\xF0\x9F\x8D\x9E", 0},
	{"\xF0\x9F\xA5\x90", 0},
	{"\xF0\x9F\xA5\x96", 0},
	{"\xF0\x9F\xAB\x93", 0},
	{"\xF0\x9F\xA5\xA8", 0},
	{"\xF0\x9F\xA5\xAF", 0},
	{"\xF0\x9F\xA5\x9E", 0},
	{"\xF0\x9F\xA7\x87", 0},
	{"\xF0\x9F\xA7\x80", 0},
	{"\xF0\x9F\x8D\x96", 0},
	{"\xF0\x9F\x8D\x97", 0},
	{"\xF0\x9F\xA5\xA9", 0},
	{"\xF0\x9F\xA5\x93", 0},
	{"\xF0\x9F\x8D\x94", 0},
	{"\xF0\x9F\x8D\x9F", 0},
	{"\xF0\x9F\x8D\x95", 0},
	{"\xF0\x9F\x8C\xAD", 0},
	{"\xF0\x9F\xA5\xAA", 0},
	{"\xF0\x9F\x8C\xAE", 0},
	{"\xF0\x9F\x8C\xAF", 0},
	{"\xF0\x9F\xAB\x94", 0},
	{"\xF0\x9F\xA5\x99", 0},
	{"\xF0\x9F\xA7\x86", 0},
	{"\xF0\x9F\xA5\x9A", 0},
	{"\xF0\x9F\x8D\xB3", 0},
	{"\xF0\x9F\xA5\x98", 0},
	{"\xF0\x9F\x8D\xB2", 0},
	{"\xF0\x9F\xAB\x95", 0},
	{"\xF0\x9F\xA5\xA3", 0},
	{"\xF0\x9F\xA5\x97", 0},
	{"\xF0\x9F\x8D\xBF", 0},
	{"\xF0\x9F\xA7\x88", 0},
	{"\xF0\x9F\xA7\x82", 0},
	{"\xF0\x9F\xA5\xAB", 0},
	{"\xF0\x9F\x8D\xB1", 0},
	{"\xF0\x9F\x8D\x98", 0},
	{"\xF0\x9F\x8D\x99", 0},
	{"\xF0\x9F\x8D\x9A", 0},
	{"\xF0\x9F\x8D\x9B", 0},
	{"\xF0\x9F\x8D\x9C", 0},
	{"\xF0\x9F\x8D\x9D", 0},
	{"\xF0\x9F\x8D\xA0", 0},
	{"\xF0\x9F\x8D\xA2", 0},
	{"\xF0\x9F\x8D\xA3", 0},
	{"\xF0\x9F\x8D\xA4", 0},
	{"\xF0\x9F\x8D\xA5", 0},
	{"\xF0\x9F\xA5\xAE", 0},
	{"\xF0\x9F\x8D\xA1", 0},
	{"\xF0\x9F\xA5\x9F", 0},
	{"\xF0\x9F\xA5\xA0", 0},
	{"\xF0\x9F\xA5\xA1", 0},
	{"\xF0\x9F\x8D\xA6", 0},
	{"\xF0\x9F\x8D\xA7", 0},
	{"\xF0\x9F\x8D\xA8", 0},
	{"\xF0\x9F\x8D\xA9", 0},
	{"\xF0\x9F\x8D\xAA", 0},
	{"\xF0\x9F\x8E\x82", 0},
	{"\xF0\x9F\x8D\xB0", 0},
	{"\xF0\x9F\xA7\x81", 0},
	{"\xF0\x9F\xA5\xA7", 0},
	{"\xF0\x9F\x8D\xAB", 0},
	{"\xF0\x9F\x8D\xAC", 0},
	{"\xF0\x9F\x8D\xAD", 0},
	{"\xF0\x9F\x8D\xAE", 0},
	{"\xF0\x9F\x8D\xAF", 0},
	{"\xF0\x9F\x8D\xBC", 0},
	{"\xF0\x9F\xA5\x9B", 0},
	{"\xE2\x98\x95", 0},
	{"\xF0\x9F\xAB\x96", 0},
	{"\xF0\x9F\x8D\xB5", 0},
	{"\xF0\x9F\x8D\xB6", 0},
	{"\xF0\x9F\x8D\xBE", 0},
	{"\xF0\x9F\x8D\xB7", 0},
	{"\xF0\x9F\x8D\xB8", 0},
	{"\xF0\x9F\x8D\xB9", 0},
	{"\xF0\x9F\x8D\xBA", 0},
	{"\xF0\x9F\x8D\xBB", 0},
	{"\xF0\x9F\xA5\x82", 0},
	{"\xF0\x9F\xA5\x83", 0},
	{"\xF0\x9F\xAB\x97", 0},
	{"\xF0\x9F\xA5\xA4", 0},
	{"\xF0\x9F\xA7\x8B", 0},
	{"\xF0\x9F\xA7\x83", 0},
	{"\xF0\x9F\xA7\x89", 0},
	{"\xF0\x9F\xA7\x8A", 0},
	{"\xF0\x9F\xA5\xA2", 0},
	{"\xF0\x9F\x8D\xBD\xEF\xB8\x8F", 0},
	{"\xF0\x9F\x8D\xB4", 0},
	{"\xF0\x9F\xA5\x84", 0},
	{"\xF0\x9F\x94\xAA", 0},
	{"\xF0\x9F\xAB\x99", 0},
	{"\xF0\x9F\x8F\xBA", 0},
	{"\xF0\x9F\x8C\x8D", 0},
	{"\xF0\x9F\x8C\x8E", 0},
	{"\xF0\x9F\x8C\x8F", 0},
	{"\xF0\x9F\x8C\x90", 0},
	{"\xF0\x9F\x97\xBA\xEF\xB8\x8F", 0},
	{"\xF0\x9F\x97\xBE", 0},
	{"\xF0\x9F\xA7\xAD", 0},
	{"\xF0\x9F\x8F\x94\xEF\xB8\x8F", 0},
	{"\xE2\x9B\xB0\xEF\xB8\x8F", 0},
	{"\xF0\x9F\x9B\x98", 0},
	{"\xF0\x9F\x8C\x8B", 0},
	{"\xF0\x9F\x97\xBB", 0},
	{"\xF0\x9F\x8F\x95\xEF\xB8\x8F", 0},
	{"\xF0\x9F\x8F\x96\xEF\xB8\x8F", 0},
	{"\xF0\x9F\x8F\x9C\xEF\xB8\x8F", 0},
	{"\xF0\x9F\x8F\x9D\xEF\xB8\x8F", 0},
	{"\xF0\x9F\x8F\x9E\xEF\xB8\x8F", 0},
	{"\xF0\x9F\x8F\x9F\xEF\xB8\x8F", 0},
	{"\xF0\x9F\x8F\x9B\xEF\xB8\x8F", 0},
	{"\xF0\x9F\x8F\x97\xEF\xB8\x8F", 0},
	{"\xF0\x9F\xA7\xB1", 0},
	{"\xF0\x9F\xAA\xA8", 0},
	{"\xF0\x9F\xAA\xB5", 0},
	{"\xF0\x9F\x9B\x96", 0},
	{"\xF0\x9F\x8F\x98\xEF\xB8\x8F", 0},
	{"\xF0\x9F\x8F\x9A\xEF\xB8\x8F", 0},
	{"\xF0\x9F\x8F\xA0", 0},
	{"\xF0\x9F\x8F\xA1", 0},
	{"\xF0\x9F\x8F\xA2", 0},
	{"\xF0\x9F\x8F\xA3", 0},
	{"\xF0\x9F\x8F\xA4", 0},
	{"\xF0\x9F\x8F\xA5", 0},
	{"\xF0\x9F\x8F\xA6", 0},
	{"\xF0\x9F\x8F\xA8", 0},
	{"\xF0\x9F\x8F\xA9", 0},
	{"\xF0\x9F\x8F\xAA", 0},
	{"\xF0\x9F\x8F\xAB", 0},
	{"\xF0\x9F\x8F\xAC", 0},
	{"\xF0\x9F\x8F\xAD", 0},
	{"\xF0\x9F\x8F\xAF", 0},
	{"\xF0\x9F\x8F\xB0", 0},
	{"\xF0\x9F\x92\x92", 0},
	{"\xF0\x9F\x97\xBC", 0},
	{"\xF0\x9F\x97\xBD", 0},
	{"\xE2\x9B\xAA", 0},
	{"\xF0\x9F\x95\x8C", 0},
	{"\xF0\x9F\x9B\x95", 0},
	{"\xF0\x9F\x95\x8D", 0},
	{"\xE2\x9B\xA9\xEF\xB8\x8F", 0},
	{"\xF0\x9F\x95\x8B", 0},
	{"\xE2\x9B\xB2", 0},
	{"\xE2\x9B\xBA", 0},
	{"\xF0\x9F\x8C\x81", 0},
	{"\xF0\x9F\x8C\x83", 0},
	{"\xF0\x9F\x8F\x99\xEF\xB8\x8F", 0},
	{"\xF0\x9F\x8C\x84", 0},
	{"\xF0\x9F\x8C\x85", 0},
	{"\xF0\x9F\x8C\x86", 0},
	{"\xF0\x9F\x8C\x87", 0},
	{"\xF0\x9F\x8C\x89", 0},
	{"\xE2\x99\xA8\xEF\xB8\x8F", 0},
	{"\xF0\x9F\x8E\xA0", 0},
	{"\xF0\x9F\x9B\x9D", 0},
	{"\xF0\x9F\x8E\xA1", 0},
	{"\xF0\x9F\x8E\xA2", 0},
	{"\xF0\x9F\x92\x88", 0},
	{"\xF0\x9F\x8E\xAA", 0},
	{"\xF0\x9F\x9A\x82", 0},
	{"\xF0\x9F\x9A\x83", 0},
	{"\xF0\x9F\x9A\x84", 0},
	{"\xF0\x9F\x9A\x85", 0},
	{"\xF0\x9F\x9A\x86", 0},
	{"\xF0\x9F\x9A\x87", 0},
	{"\xF0\x9F\x9A\x88", 0},
	{"\xF0\x9F\x9A\x89", 0},
	{"\xF0\x9F\x9A\x8A", 0},
	{"\xF0\x9F\x9A\x9D", 0},
	{"\xF0\x9F\x9A\x9E", 0},
	{"\xF0\x9F\x9A\x8B", 0},
	{"\xF0\x9F\x9A\x8C", 0},
	{"\xF0\x9F\x9A\x8D", 0},
	{"\xF0\x9F\x9A\x8E", 0},
	{"\xF0\x9F\x9A\x90", 0},
	{"\xF0\x9F\x9A\x91", 0},
	{"\xF0\x9F\x9A\x92", 0},
	{"\xF0\x9F\x9A\x93", 0},
	{"\xF0\x9F\x9A\x94", 0},
	{"\xF0\x9F\x9A\x95", 0},
	{"\xF0\x9F\x9A\x96", 0},
	{"\xF0\x9F\x9A\x97", 0},
	{"\xF0\x9F\x9A\x98", 0},
	{"\xF0\x9F\x9A\x99", 0},
	{"\xF0\x9F\x9B\xBB", 0},
	{"\xF0\x9F\x9A\x9A", 0},
	{"\xF0\x9F\x9A\x9B", 0},
	{"\xF0\x9F\x9A\x9C", 0},
	{"\xF0\x9F\x8F\x8E\xEF\xB8\x8F", 0},
	{"\xF0\x9F\x8F\x8D\xEF\xB8\x8F", 0},
	{"\xF0\x9F\x9B\xB5", 0},
	{"\xF0\x9F\xA6\xBD", 0},
	{"\xF0\x9F\xA6\xBC", 0},
	{"\xF0\x9F\x9B\xBA", 0},
	{"\xF0\x9F\x9A\xB2", 0},
	{"\xF0\x9F\x9B\xB4", 0},
	{"\xF0\x9F\x9B\xB9", 0},
	{"\xF0\x9F\x9B\xBC", 0},
	{"\xF0\x9F\x9A\x8F", 0},
	{"\xF0\x9F\x9B\xA3\xEF\xB8\x8F", 0},
	{"\xF0\x9F\x9B\xA4\xEF\xB8\x8F", 0},
	{"\xF0\x9F\x9B\xA2\xEF\xB8\x8F", 0},
	{"\xE2\x9B\xBD", 0},
	{"\xF0\x9F\x9B\x9E", 0},
	{"\xF0\x9F\x9A\xA8", 0},
	{"\xF0\x9F\x9A\xA5", 0},
	{"\xF0\x9F\x9A\xA6", 0},
	{"\xF0\x9F\x9B\x91", 0},
	{"\xF0\x9F\x9A\xA7", 0},
	{"\xE2\x9A\x93", 0},
	{"\xF0\x9F\x9B\x9F", 0},
	{"\xE2\x9B\xB5", 0},
	{"\xF0\x9F\x9B\xB6", 0},
	{"\xF0\x9F\x9A\xA4", 0},
	{"\xF0\x9F\x9B\xB3\xEF\xB8\x8F", 0},
	{"\xE2\x9B\xB4\xEF\xB8\x8F", 0},
	{"\xF0\x9F\x9B\xA5\xEF\xB8\x8F", 0},
	{"\xF0\x9F\x9A\xA2", 0},
	{"\xE2\x9C\x88\xEF\xB8\x8F", 0},
	{"\xF0\x9F\x9B\xA9\xEF\xB8\x8F", 0},
	{"\xF0\x9F\x9B\xAB", 0},
	{"\xF0\x9F\x9B\xAC", 0},
	{"\xF0\x9F\xAA\x82", 0},
	{"\xF0\x9F\x92\xBA", 0},
	{"\xF0\x9F\x9A\x81", 0},
	{"\xF0\x9F\x9A\x9F", 0},
	{"\xF0\x9F\x9A\xA0", 0},
	{"\xF0\x9F\x9A\xA1", 0},
	{"\xF0\x9F\x9B\xB0\xEF\xB8\x8F", 0},
	{"\xF0\x9F\x9A\x80", 0},
	{"\xF0\x9F\x9B\xB8", 0},
	{"\xF0\x9F\x9B\x8E\xEF\xB8\x8F", 0},
	{"\xF0\x9F\xA7\xB3", 0},
	{"\xE2\x8C\x9B", 0},
	{"\xE2\x8F\xB3", 0},
	{"\xE2\x8C\x9A", 0},
	{"\xE2\x8F\xB0", 0},
	{"\xE2\x8F\xB1\xEF\xB8\x8F", 0},
	{"\xE2\x8F\xB2\xEF\xB8\x8F", 0},
	{"\xF0\x9F\x95\xB0\xEF\xB8\x8F", 0},
	{"\xF0\x9F\x95\x9B", 0},
	{"\xF0\x9F\x95\xA7", 0},
	{"\xF0\x9F\x95\x90", 0},
	{"\xF0\x9F\x95\x9C", 0},
	{"\xF0\x9F\x95\x91", 0},
	{"\xF0\x9F\x95\x9D", 0},
	{"\xF0\x9F\x95\x92", 0},
	{"\xF0\x9F\x95\x9E", 0},
	{"\xF0\x9F\x95\x93", 0},
	{"\xF0\x9F\x95\x9F", 0},
	{"\xF0\x9F\x95\x94", 0},
	{"\xF0\x9F\x95\xA0", 0},
	{"\xF0\x9F\x95\x95", 0},
	{"\xF0\x9F\x95\xA1", 0},
	{"\xF0\x9F\x95\x96", 0},
	{"\xF0\x9F\x95\xA2", 0},
	{"\xF0\x9F\x95\x97", 0},
	{"\xF0\x9F\x95\xA3", 0},
	{"\xF0\x9F\x95\x98", 0},
	{"\xF0\x9F\x95\xA4", 0},
	{"\xF0\x9F\x95\x99", 0},
	{"\xF0\x9F\x95\xA5", 0},
	{"\xF0\x9F\x95\x9A", 0},
	{"\xF0\x9F\x95\xA6", 0},
	{"\xF0\x9F\x8C\x91", 0},
	{"\xF0\x9F\x8C\x92", 0},
	{"\xF0\x9F\x8C\x93", 0},
	{"\xF0\x9F\x8C\x94", 0},
	{"\xF0\x9F\x8C\x95", 0},
	{"\xF0\x9F\x8C\x96", 0},
	{"\xF0\x9F\x8C\x97", 0},
	{"\xF0\x9F\x8C\x98", 0},
	{"\xF0\x9F\x8C\x99", 0},
	{"\xF0\x9F\x8C\x9A", 0},
	{"\xF0\x9F\x8C\x9B", 0},
	{"\xF0\x9F\x8C\x9C", 0},
	{"\xF0\x9F\x8C\xA1\xEF\xB8\x8F", 0},
	{"\xE2\x98\x80\xEF\xB8\x8F", 0},
	{"\xF0\x9F\x8C\x9D", 0},
	{"\xF0\x9F\x8C\x9E", 0},
	{"\xF0\x9F\xAA\x90", 0},
	{"\xE2\xAD\x90", 0},
	{"\xF0\x9F\x8C\x9F", 0},
	{"\xF0\x9F\x8C\xA0", 0},
	{"\xF0\x9F\x8C\x8C", 0},
	{"\xE2\x98\x81\xEF\xB8\x8F", 0},
	{"\xE2\x9B\x85", 0},
	{"\xE2\x9B\x88\xEF\xB8\x8F", 0},
	{"\xF0\x9F\x8C\xA4\xEF\xB8\x8F", 0},
	{"\xF0\x9F\x8C\xA5\xEF\xB8\x8F", 0},
	{"\xF0\x9F\x8C\xA6\xEF\xB8\x8F", 0},
	{"\xF0\x9F\x8C\xA7\xEF\xB8\x8F", 0},
	{"\xF0\x9F\x8C\xA8\xEF\xB8\x8F", 0},
	{"\xF0\x9F\x8C\xA9\xEF\xB8\x8F", 0},
	{"\xF0\x9F\x8C\xAA\xEF\xB8\x8F", 0},
	{"\xF0\x9F\x8C\xAB\xEF\xB8\x8F", 0},
	{"\xF0\x9F\x8C\xAC\xEF\xB8\x8F", 0},
	{"\xF0\x9F\x8C\x80", 0},
	{"\xF0\x9F\x8C\x88", 0},
	{"\xF0\x9F\x8C\x82", 0},
	{"\xE2\x98\x82\xEF\xB8\x8F", 0},
	{"\xE2\x98\x94", 0},
	{"\xE2\x9B\xB1\xEF\xB8\x8F", 0},
	{"\xE2\x9A\xA1", 0},
	{"\xE2\x9D\x84\xEF\xB8\x8F", 0},
	{"\xE2\x98\x83\xEF\xB8\x8F", 0},
	{"\xE2\x9B\x84", 0},
	{"\xE2\x98\x84\xEF\xB8\x8F", 0},
	{"\xF0\x9F\x94\xA5", 0},
	{"\xF0\x9F\x92\xA7", 0},
	{"\xF0\x9F\x8C\x8A", 0},
	{"\xF0\x9F\x8E\x83", 0},
	{"\xF0\x9F\x8E\x84", 0},
	{"\xF0\x9F\x8E\x86", 0},
	{"\xF0\x9F\x8E\x87", 0},
	{"\xF0\x9F\xA7\xA8", 0},
	{"\xE2\x9C\xA8", 0},
	{"\xF0\x9F\x8E\x88", 0},
	{"\xF0\x9F\x8E\x89", 0},
	{"\xF0\x9F\x8E\x8A", 0},
	{"\xF0\x9F\x8E\x8B", 0},
	{"\xF0\x9F\x8E\x8D", 0},
	{"\xF0\x9F\x8E\x8E", 0},
	{"\xF0\x9F\x8E\x8F", 0},
	{"\xF0\x9F\x8E\x90", 0},
	{"\xF0\x9F\x8E\x91", 0},
	{"\xF0\x9F\xA7\xA7", 0},
	{"\xF0\x9F\x8E\x80", 0},
	{"\xF0\x9F\x8E\x81", 0},
	{"\xF0\x9F\x8E\x97\xEF\xB8\x8F", 0},
	{"\xF0\x9F\x8E\x9F\xEF\xB8\x8F", 0},
	{"\xF0\x9F\x8E\xAB", 0},
	{"\xF0\x9F\x8E\x96\xEF\xB8\x8F", 0},
	{"\xF0\x9F\x8F\x86", 0},
	{"\xF0\x9F\x8F\x85", 0},
	{"\xF0\x9F\xA5\x87", 0},
	{"\xF0\x9F\xA5\x88", 0},
	{"\xF0\x9F\xA5\x89", 0},
	{"\xE2\x9A\xBD", 0},
	{"\xE2\x9A\xBE", 0},
	{"\xF0\x9F\xA5\x8E", 0},
	{"\xF0\x9F\x8F\x80", 0},
	{"\xF0\x9F\x8F\x90", 0},
	{"\xF0\x9F\x8F\x88", 0},
	{"\xF0\x9F\x8F\x89", 0},
	{"\xF0\x9F\x8E\xBE", 0},
	{"\xF0\x9F\xA5\x8F", 0},
	{"\xF0\x9F\x8E\xB3", 0},
	{"\xF0\x9F\x8F\x8F", 0},
	{"\xF0\x9F\x8F\x91", 0},
	{"\xF0\x9F\x8F\x92", 0},
	{"\xF0\x9F\xA5\x8D", 0},
	{"\xF0\x9F\x8F\x93", 0},
	{"\xF0\x9F\x8F\xB8", 0},
	{"\xF0\x9F\xA5\x8A", 0},
	{"\xF0\x9F\xA5\x8B", 0},
	{"\xF0\x9F\xA5\x85", 0},
	{"\xE2\x9B\xB3", 0},
	{"\xE2\x9B\xB8\xEF\xB8\x8F", 0},
	{"\xF0\x9F\x8E\xA3", 0},
	{"\xF0\x9F\xA4\xBF", 0},
	{"\xF0\x9F\x8E\xBD", 0},
	{"\xF0\x9F\x8E\xBF", 0},
	{"\xF0\x9F\x9B\xB7", 0},
	{"\xF0\x9F\xA5\x8C", 0},
	{"\xF0\x9F\x8E\xAF", 0},
	{"\xF0\x9F\xAA\x80", 0},
	{"\xF0\x9F\xAA\x81", 0},
	{"\xF0\x9F\x94\xAB", 0},
	{"\xF0\x9F\x8E\xB1", 0},
	{"\xF0\x9F\x94\xAE", 0},
	{"\xF0\x9F\xAA\x84", 0},
	{"\xF0\x9F\x8E\xAE", 0},
	{"\xF0\x9F\x95\xB9\xEF\xB8\x8F", 0},
	{"\xF0\x9F\x8E\xB0", 0},
	{"\xF0\x9F\x8E\xB2", 0},
	{"\xF0\x9F\xA7\xA9", 0},
	{"\xF0\x9F\xA7\xB8", 0},
	{"\xF0\x9F\xAA\x85", 0},
	{"\xF0\x9F\xAA\xA9", 0},
	{"\xF0\x9F\xAA\x86", 0},
	{"\xE2\x99\xA0\xEF\xB8\x8F", 0},
	{"\xE2\x99\xA5\xEF\xB8\x8F", 0},
	{"\xE2\x99\xA6\xEF\xB8\x8F", 0},
	{"\xE2\x99\xA3\xEF\xB8\x8F", 0},
	{"\xE2\x99\x9F\xEF\xB8\x8F", 0},
	{"\xF0\x9F\x83\x8F", 0},
	{"\xF0\x9F\x80\x84", 0},
	{"\xF0\x9F\x8E\xB4", 0},
	{"\xF0\x9F\x8E\xAD", 0},
	{"\xF0\x9F\x96\xBC\xEF\xB8\x8F", 0},
	{"\xF0\x9F\x8E\xA8", 0},
	{"\xF0\x9F\xA7\xB5", 0},
	{"\xF0\x9F\xAA\xA1", 0},
	{"\xF0\x9F\xA7\xB6", 0},
	{"\xF0\x9F\xAA\xA2", 0},
	{"\xF0\x9F\x91\x93", 0},
	{"\xF0\x9F\x95\xB6\xEF\xB8\x8F", 0},
	{"\xF0\x9F\xA5\xBD", 0},
	{"\xF0\x9F\xA5\xBC", 0},
	{"\xF0\x9F\xA6\xBA", 0},
	{"\xF0\x9F\x91\x94", 0},
	{"\xF0\x9F\x91\x95", 0},
	{"\xF0\x9F\x91\x96", 0},
	{"\xF0\x9F\xA7\xA3", 0},
	{"\xF0\x9F\xA7\xA4", 0},
	{"\xF0\x9F\xA7\xA5", 0},
	{"\xF0\x9F\xA7\xA6", 0},
	{"\xF0\x9F\x91\x97", 0},
	{"\xF0\x9F\x91\x98", 0},
	{"\xF0\x9F\xA5\xBB", 0},
	{"\xF0\x9F\xA9\xB1", 0},
	{"\xF0\x9F\xA9\xB2", 0},
	{"\xF0\x9F\xA9\xB3", 0},
	{"\xF0\x9F\x91\x99", 0},
	{"\xF0\x9F\x91\x9A", 0},
	{"\xF0\x9F\xAA\xAD", 0},
	{"\xF0\x9F\x91\x9B", 0},
	{"\xF0\x9F\x91\x9C", 0},
	{"\xF0\x9F\x91\x9D", 0},
	{"\xF0\x9F\x9B\x8D\xEF\xB8\x8F", 0},
	{"\xF0\x9F\x8E\x92", 0},
	{"\xF0\x9F\xA9\xB4", 0},
	{"\xF0\x9F\x91\x9E", 0},
	{"\xF0\x9F\x91\x9F", 0},
	{"\xF0\x9F\xA5\xBE", 0},
	{"\xF0\x9F\xA5\xBF", 0},
	{"\xF0\x9F\x91\xA0", 0},
	{"\xF0\x9F\x91\xA1", 0},
	{"\xF0\x9F\xA9\xB0", 0},
	{"\xF0\x9F\x91\xA2", 0},
	{"\xF0\x9F\xAA\xAE", 0},
	{"\xF0\x9F\x91\x91", 0},
	{"\xF0\x9F\x91\x92", 0},
	{"\xF0\x9F\x8E\xA9", 0},
	{"\xF0\x9F\x8E\x93", 0},
	{"\xF0\x9F\xA7\xA2", 0},
	{"\xF0\x9F\xAA\x96", 0},
	{"\xE2\x9B\x91\xEF\xB8\x8F", 0},
	{"\xF0\x9F\x93\xBF", 0},
	{"\xF0\x9F\x92\x84", 0},
	{"\xF0\x9F\x92\x8D", 0},
	{"\xF0\x9F\x92\x8E", 0},
	{"\xF0\x9F\x94\x87", 0},
	{"\xF0\x9F\x94\x88", 0},
	{"\xF0\x9F\x94\x89", 0},
	{"\xF0\x9F\x94\x8A", 0},
	{"\xF0\x9F\x93\xA2", 0},
	{"\xF0\x9F\x93\xA3", 0},
	{"\xF0\x9F\x93\xAF", 0},
	{"\xF0\x9F\x94\x94", 0},
	{"\xF0\x9F\x94\x95", 0},
	{"\xF0\x9F\x8E\xBC", 0},
	{"\xF0\x9F\x8E\xB5", 0},
	{"\xF0\x9F\x8E\xB6", 0},
	{"\xF0\x9F\x8E\x99\xEF\xB8\x8F", 0},
	{"\xF0\x9F\x8E\x9A\xEF\xB8\x8F", 0},
	{"\xF0\x9F\x8E\x9B\xEF\xB8\x8F", 0},
	{"\xF0\x9F\x8E\xA4", 0},
	{"\xF0\x9F\x8E\xA7", 0},
	{"\xF0\x9F\x93\xBB", 0},
	{"\xF0\x9F\x8E\xB7", 0},
	{"\xF0\x9F\x8E\xBA", 0},
	{"\xF0\x9F\xAA\x8A", 0},
	{"\xF0\x9F\xAA\x97", 0},
	{"\xF0\x9F\x8E\xB8", 0},
	{"\xF0\x9F\x8E\xB9", 0},
	{"\xF0\x9F\x8E\xBB", 0},
	{"\xF0\x9F\xAA\x95", 0},
	{"\xF0\x9F\xA5\x81", 0},
	{"\xF0\x9F\xAA\x98", 0},
	{"\xF0\x9F\xAA\x87", 0},
	{"\xF0\x9F\xAA\x88", 0},
	{"\xF0\x9F\xAA\x89", 0},
	{"\xF0\x9F\x93\xB1", 0},
	{"\xF0\x9F\x93\xB2", 0},
	{"\xE2\x98\x8E\xEF\xB8\x8F", 0},
	{"\xF0\x9F\x93\x9E", 0},
	{"\xF0\x9F\x93\x9F", 0},
	{"\xF0\x9F\x93\xA0", 0},
	{"\xF0\x9F\x94\x8B", 0},
	{"\xF0\x9F\xAA\xAB", 0},
	{"\xF0\x9F\x94\x8C", 0},
	{"\xF0\x9F\x92\xBB", 0},
	{"\xF0\x9F\x96\xA5\xEF\xB8\x8F", 0},
	{"\xF0\x9F\x96\xA8\xEF\xB8\x8F", 0},
	{"\xE2\x8C\xA8\xEF\xB8\x8F", 0},
	{"\xF0\x9F\x96\xB1\xEF\xB8\x8F", 0},
	{"\xF0\x9F\x96\xB2\xEF\xB8\x8F", 0},
	{"\xF0\x9F\x92\xBD", 0},
	{"\xF0\x9F\x92\xBE", 0},
	{"\xF0\x9F\x92\xBF", 0},
	{"\xF0\x9F\x93\x80", 0},
	{"\xF0\x9F\xA7\xAE", 0},
	{"\xF0\x9F\x8E\xA5", 0},
	{"\xF0\x9F\x8E\x9E\xEF\xB8\x8F", 0},
	{"\xF0\x9F\x93\xBD\xEF\xB8\x8F", 0},
	{"\xF0\x9F\x8E\xAC", 0},
	{"\xF0\x9F\x93\xBA", 0},
	{"\xF0\x9F\x93\xB7", 0},
	{"\xF0\x9F\x93\xB8", 0},
	{"\xF0\x9F\x93\xB9", 0},
	{"\xF0\x9F\x93\xBC", 0},
	{"\xF0\x9F\x94\x8D", 0},
	{"\xF0\x9F\x94\x8E", 0},
	{"\xF0\x9F\x95\xAF\xEF\xB8\x8F", 0},
	{"\xF0\x9F\x92\xA1", 0},
	{"\xF0\x9F\x94\xA6", 0},
	{"\xF0\x9F\x8F\xAE", 0},
	{"\xF0\x9F\xAA\x94", 0},
	{"\xF0\x9F\x93\x94", 0},
	{"\xF0\x9F\x93\x95", 0},
	{"\xF0\x9F\x93\x96", 0},
	{"\xF0\x9F\x93\x97", 0},
	{"\xF0\x9F\x93\x98", 0},
	{"\xF0\x9F\x93\x99", 0},
	{"\xF0\x9F\x93\x9A", 0},
	{"\xF0\x9F\x93\x93", 0},
	{"\xF0\x9F\x93\x92", 0},
	{"\xF0\x9F\x93\x83", 0},
	{"\xF0\x9F\x93\x9C", 0},
	{"\xF0\x9F\x93\x84", 0},
	{"\xF0\x9F\x93\xB0", 0},
	{"\xF0\x9F\x97\x9E\xEF\xB8\x8F", 0},
	{"\xF0\x9F\x93\x91", 0},
	{"\xF0\x9F\x94\x96", 0},
	{"\xF0\x9F\x8F\xB7\xEF\xB8\x8F", 0},
	{"\xF0\x9F\xAA\x99", 0},
	{"\xF0\x9F\x92\xB0", 0},
	{"\xF0\x9F\xAA\x8E", 0},
	{"\xF0\x9F\x92\xB4", 0},
	{"\xF0\x9F\x92\xB5", 0},
	{"\xF0\x9F\x92\xB6", 0},
	{"\xF0\x9F\x92\xB7", 0},
	{"\xF0\x9F\x92\xB8", 0},
	{"\xF0\x9F\x92\xB3", 0},
	{"\xF0\x9F\xA7\xBE", 0},
	{"\xF0\x9F\x92\xB9", 0},
	{"\xE2\x9C\x89\xEF\xB8\x8F", 0},
	{"\xF0\x9F\x93\xA7", 0},
	{"\xF0\x9F\x93\xA8", 0},
	{"\xF0\x9F\x93\xA9", 0},
	{"\xF0\x9F\x93\xA4", 0},
	{"\xF0\x9F\x93\xA5", 0},
	{"\xF0\x9F\x93\xA6", 0},
	{"\xF0\x9F\x93\xAB", 0},
	{"\xF0\x9F\x93\xAA", 0},
	{"\xF0\x9F\x93\xAC", 0},
	{"\xF0\x9F\x93\xAD", 0},
	{"\xF0\x9F\x93\xAE", 0},
	{"\xF0\x9F\x97\xB3\xEF\xB8\x8F", 0},
	{"\xE2\x9C\x8F\xEF\xB8\x8F", 0},
	{"\xE2\x9C\x92\xEF\xB8\x8F", 0},
	{"\xF0\x9F\x96\x8B\xEF\xB8\x8F", 0},
	{"\xF0\x9F\x96\x8A\xEF\xB8\x8F", 0},
	{"\xF0\x9F\x96\x8C\xEF\xB8\x8F", 0},
	{"\xF0\x9F\x96\x8D\xEF\xB8\x8F", 0},
	{"\xF0\x9F\x93\x9D", 0},
	{"\xF0\x9F\x92\xBC", 0},
	{"\xF0\x9F\x93\x81", 0},
	{"\xF0\x9F\x93\x82", 0},
	{"\xF0\x9F\x97\x82\xEF\xB8\x8F", 0},
	{"\xF0\x9F\x93\x85", 0},
	{"\xF0\x9F\x93\x86", 0},
	{"\xF0\x9F\x97\x92\xEF\xB8\x8F", 0},
	{"\xF0\x9F\x97\x93\xEF\xB8\x8F", 0},
	{"\xF0\x9F\x93\x87", 0},
	{"\xF0\x9F\x93\x88", 0},
	{"\xF0\x9F\x93\x89", 0},
	{"\xF0\x9F\x93\x8A", 0},
	{"\xF0\x9F\x93\x8B", 0},
	{"\xF0\x9F\x93\x8C", 0},
	{"\xF0\x9F\x93\x8D", 0},
	{"\xF0\x9F\x93\x8E", 0},
	{"\xF0\x9F\x96\x87\xEF\xB8\x8F", 0},
	{"\xF0\x9F\x93\x8F", 0},
	{"\xF0\x9F\x93\x90", 0},
	{"\xE2\x9C\x82\xEF\xB8\x8F", 0},
	{"\xF0\x9F\x97\x83\xEF\xB8\x8F", 0},
	{"\xF0\x9F\x97\x84\xEF\xB8\x8F", 0},
	{"\xF0\x9F\x97\x91\xEF\xB8\x8F", 0},
	{"\xF0\x9F\x94\x92", 0},
	{"\xF0\x9F\x94\x93", 0},
	{"\xF0\x9F\x94\x8F", 0},
	{"\xF0\x9F\x94\x90", 0},
	{"\xF0\x9F\x94\x91", 0},
	{"\xF0\x9F\x97\x9D\xEF\xB8\x8F", 0},
	{"\xF0\x9F\x94\xA8", 0},
	{"\xF0\x9F\xAA\x93", 0},
	{"\xE2\x9B\x8F\xEF\xB8\x8F", 0},
	{"\xE2\x9A\x92\xEF\xB8\x8F", 0},
	{"\xF0\x9F\x9B\xA0\xEF\xB8\x8F", 0},
	{"\xF0\x9F\x97\xA1\xEF\xB8\x8F", 0},
	{"\xE2\x9A\x94\xEF\xB8\x8F", 0},
	{"\xF0\x9F\x92\xA3", 0},
	{"\xF0\x9F\xAA\x83", 0},
	{"\xF0\x9F\x8F\xB9", 0},
	{"\xF0\x9F\x9B\xA1\xEF\xB8\x8F", 0},
	{"\xF0\x9F\xAA\x9A", 0},
	{"\xF0\x9F\x94\xA7", 0},
	{"\xF0\x9F\xAA\x9B", 0},
	{"\xF0\x9F\x94\xA9", 0},
	{"\xE2\x9A\x99\xEF\xB8\x8F", 0},
	{"\xF0\x9F\x97\x9C\xEF\xB8\x8F", 0},
	{"\xE2\x9A\x96\xEF\xB8\x8F", 0},
	{"\xF0\x9F\xA6\xAF", 0},
	{"\xF0\x9F\x94\x97", 0},
	{"\xE2\x9B\x93\xEF\xB8\x8F\xE2\x80\x8D\xF0\x9F\x92\xA5", 0},
	{"\xE2\x9B\x93\xEF\xB8\x8F", 0},
	{"\xF0\x9F\xAA\x9D", 0},
	{"\xF0\x9F\xA7\xB0", 0},
	{"\xF0\x9F\xA7\xB2", 0},
	{"\xF0\x9F\xAA\x9C", 0},
	{"\xF0\x9F\xAA\x8F", 0},
	{"\xE2\x9A\x97\xEF\xB8\x8F", 0},
	{"\xF0\x9F\xA7\xAA", 0},
	{"\xF0\x9F\xA7\xAB", 0},
	{"\xF0\x9F\xA7\xAC", 0},
	{"\xF0\x9F\x94\xAC", 0},
	{"\xF0\x9F\x94\xAD", 0},
	{"\xF0\x9F\x93\xA1", 0},
	{"\xF0\x9F\x92\x89", 0},
	{"\xF0\x9F\xA9\xB8", 0},
	{"\xF0\x9F\x92\x8A", 0},
	{"\xF0\x9F\xA9\xB9", 0},
	{"\xF0\x9F\xA9\xBC", 0},
	{"\xF0\x9F\xA9\xBA", 0},
	{"\xF0\x9F\xA9\xBB", 0},
	{"\xF0\x9F\x9A\xAA", 0},
	{"\xF0\x9F\x9B\x97", 0},
	{"\xF0\x9F\xAA\x9E", 0},
	{"\xF0\x9F\xAA\x9F", 0},
	{"\xF0\x9F\x9B\x8F\xEF\xB8\x8F", 0},
	{"\xF0\x9F\x9B\x8B\xEF\xB8\x8F", 0},
	{"\xF0\x9F\xAA\x91", 0},
	{"\xF0\x9F\x9A\xBD", 0},
	{"\xF0\x9F\xAA\xA0", 0},
	{"\xF0\x9F\x9A\xBF", 0},
	{"\xF0\x9F\x9B\x81", 0},
	{"\xF0\x9F\xAA\xA4", 0},
	{"\xF0\x9F\xAA\x92", 0},
	{"\xF0\x9F\xA7\xB4", 0},
	{"\xF0\x9F\xA7\xB7", 0},
	{"\xF0\x9F\xA7\xB9", 0},
	{"\xF0\x9F\xA7\xBA", 0},
	{"\xF0\x9F\xA7\xBB", 0},
	{"\xF0\x9F\xAA\xA3", 0},
	{"\xF0\x9F\xA7\xBC", 0},
	{"\xF0\x9F\xAB\xA7", 0},
	{"\xF0\x9F\xAA\xA5", 0},
	{"\xF0\x9F\xA7\xBD", 0},
	{"\xF0\x9F\xA7\xAF", 0},
	{"\xF0\x9F\x9B\x92", 0},
	{"\xF0\x9F\x9A\xAC", 0},
	{"\xE2\x9A\xB0\xEF\xB8\x8F", 0},
	{"\xF0\x9F\xAA\xA6", 0},
	{"\xE2\x9A\xB1\xEF\xB8\x8F", 0},
	{"\xF0\x9F\xA7\xBF", 0},
	{"\xF0\x9F\xAA\xAC", 0},
	{"\xF0\x9F\x97\xBF", 0},
	{"\xF0\x9F\xAA\xA7", 0},
	{"\xF0\x9F\xAA\xAA", 0},
	{"\xF0\x9F\x8F\xA7", 0},
	{"\xF0\x9F\x9A\xAE", 0},
	{"\xF0\x9F\x9A\xB0", 0},
	{"\xE2\x99\xBF", 0},
	{"\xF0\x9F\x9A\xB9", 0},
	{"\xF0\x9F\x9A\xBA", 0},
	{"\xF0\x9F\x9A\xBB", 0},
	{"\xF0\x9F\x9A\xBC", 0},
	{"\xF0\x9F\x9A\xBE", 0},
	{"\xF0\x9F\x9B\x82", 0},
	{"\xF0\x9F\x9B\x83", 0},
	{"\xF0\x9F\x9B\x84", 0},
	{"\xF0\x9F\x9B\x85", 0},
	{"\xE2\x9A\xA0\xEF\xB8\x8F", 0},
	{"\xF0\x9F\x9A\xB8", 0},
	{"\xE2\x9B\x94", 0},
	{"\xF0\x9F\x9A\xAB", 0},
	{"\xF0\x9F\x9A\xB3", 0},
	{"\xF0\x9F\x9A\xAD", 0},
	{"\xF0\x9F\x9A\xAF", 0},
	{"\xF0\x9F\x9A\xB1", 0},
	{"\xF0\x9F\x9A\xB7", 0},
	{"\xF0\x9F\x93\xB5", 0},
	{"\xF0\x9F\x94\x9E", 0},
	{"\xE2\x98\xA2\xEF\xB8\x8F", 0},
	{"\xE2\x98\xA3\xEF\xB8\x8F", 0},
	{"\xE2\xAC\x86\xEF\xB8\x8F", 0},
	{"\xE2\x86\x97\xEF\xB8\x8F", 0},
	{"\xE2\x9E\xA1\xEF\xB8\x8F", 0},
	{"\xE2\x86\x98\xEF\xB8\x8F", 0},
	{"\xE2\xAC\x87\xEF\xB8\x8F", 0},
	{"\xE2\x86\x99\xEF\xB8\x8F", 0},
	{"\xE2\xAC\x85\xEF\xB8\x8F", 0},
	{"\xE2\x86\x96\xEF\xB8\x8F", 0},
	{"\xE2\x86\x95\xEF\xB8\x8F", 0},
	{"\xE2\x86\x94\xEF\xB8\x8F", 0},
	{"\xE2\x86\xA9\xEF\xB8\x8F", 0},
	{"\xE2\x86\xAA\xEF\xB8\x8F", 0},
	{"\xE2\xA4\xB4\xEF\xB8\x8F", 0},
	{"\xE2\xA4\xB5\xEF\xB8\x8F", 0},
	{"\xF0\x9F\x94\x83", 0},
	{"\xF0\x9F\x94\x84", 0},
	{"\xF0\x9F\x94\x99", 0},
	{"\xF0\x9F\x94\x9A", 0},
	{"\xF0\x9F\x94\x9B", 0},
	{"\xF0\x9F\x94\x9C", 0},
	{"\xF0\x9F\x94\x9D", 0},
	{"\xF0\x9F\x9B\x90", 0},
	{"\xE2\x9A\x9B\xEF\xB8\x8F", 0},
	{"\xF0\x9F\x95\x89\xEF\xB8\x8F", 0},
	{"\xE2\x9C\xA1\xEF\xB8\x8F", 0},
	{"\xE2\x98\xB8\xEF\xB8\x8F", 0},
	{"\xE2\x98\xAF\xEF\xB8\x8F", 0},
	{"\xE2\x9C\x9D\xEF\xB8\x8F", 0},
	{"\xE2\x98\xA6\xEF\xB8\x8F", 0},
	{"\xE2\x98\xAA\xEF\xB8\x8F", 0},
	{"\xE2\x98\xAE\xEF\xB8\x8F", 0},
	{"\xF0\x9F\x95\x8E", 0},
	{"\xF0\x9F\x94\xAF", 0},
	{"\xF0\x9F\xAA\xAF", 0},
	{"\xE2\x99\x88", 0},
	{"\xE2\x99\x89", 0},
	{"\xE2\x99\x8A", 0},
	{"\xE2\x99\x8B", 0},
	{"\xE2\x99\x8C", 0},
	{"\xE2\x99\x8D", 0},
	{"\xE2\x99\x8E", 0},
	{"\xE2\x99\x8F", 0},
	{"\xE2\x99\x90", 0},
	{"\xE2\x99\x91", 0},
	{"\xE2\x99\x92", 0},
	{"\xE2\x99\x93", 0},
	{"\xE2\x9B\x8E", 0},
	{"\xF0\x9F\x94\x80", 0},
	{"\xF0\x9F\x94\x81", 0},
	{"\xF0\x9F\x94\x82", 0},
	{"\xE2\x96\xB6\xEF\xB8\x8F", 0},
	{"\xE2\x8F\xA9", 0},
	{"\xE2\x8F\xAD\xEF\xB8\x8F", 0},
	{"\xE2\x8F\xAF\xEF\xB8\x8F", 0},
	{"\xE2\x97\x80\xEF\xB8\x8F", 0},
	{"\xE2\x8F\xAA", 0},
	{"\xE2\x8F\xAE\xEF\xB8\x8F", 0},
	{"\xF0\x9F\x94\xBC", 0},
	{"\xE2\x8F\xAB", 0},
	{"\xF0\x9F\x94\xBD", 0},
	{"\xE2\x8F\xAC", 0},
	{"\xE2\x8F\xB8\xEF\xB8\x8F", 0},
	{"\xE2\x8F\xB9\xEF\xB8\x8F", 0},
	{"\xE2\x8F\xBA\xEF\xB8\x8F", 0},
	{"\xE2\x8F\x8F\xEF\xB8\x8F", 0},
	{"\xF0\x9F\x8E\xA6", 0},
	{"\xF0\x9F\x94\x85", 0},
	{"\xF0\x9F\x94\x86", 0},
	{"\xF0\x9F\x93\xB6", 0},
	{"\xF0\x9F\x9B\x9C", 0},
	{"\xF0\x9F\x93\xB3", 0},
	{"\xF0\x9F\x93\xB4", 0},
	{"\xE2\x99\x80\xEF\xB8\x8F", 0},
	{"\xE2\x99\x82\xEF\xB8\x8F", 0},
	{"\xE2\x9A\xA7\xEF\xB8\x8F", 0},
	{"\xE2\x9C\x96\xEF\xB8\x8F", 0},
	{"\xE2\x9E\x95", 0},
	{"\xE2\x9E\x96", 0},
	{"\xE2\x9E\x97", 0},
	{"\xF0\x9F\x9F\xB0", 0},
	{"\xE2\x99\xBE\xEF\xB8\x8F", 0},
	{"\xE2\x80\xBC\xEF\xB8\x8F", 0},
	{"\xE2\x81\x89\xEF\xB8\x8F", 0},
	{"\xE2\x9D\x93", 0},
	{"\xE2\x9D\x94", 0},
	{"\xE2\x9D\x95", 0},
	{"\xE2\x9D\x97", 0},
	{"\xE3\x80\xB0\xEF\xB8\x8F", 0},
	{"\xF0\x9F\x92\xB1", 0},
	{"\xF0\x9F\x92\xB2", 0},
	{"\xE2\x9A\x95\xEF\xB8\x8F", 0},
	{"\xE2\x99\xBB\xEF\xB8\x8F", 0},
	{"\xE2\x9A\x9C\xEF\xB8\x8F", 0},
	{"\xF0\x9F\x94\xB1", 0},
	{"\xF0\x9F\x93\x9B", 0},
	{"\xF0\x9F\x94\xB0", 0},
	{"\xE2\xAD\x95", 0},
	{"\xE2\x9C\x85", 0},
	{"\xE2\x98\x91\xEF\xB8\x8F", 0},
	{"\xE2\x9C\x94\xEF\xB8\x8F", 0},
	{"\xE2\x9D\x8C", 0},
	{"\xE2\x9D\x8E", 0},
	{"\xE2\x9E\xB0", 0},
	{"\xE2\x9E\xBF", 0},
	{"\xE3\x80\xBD\xEF\xB8\x8F", 0},
	{"\xE2\x9C\xB3\xEF\xB8\x8F", 0},
	{"\xE2\x9C\xB4\xEF\xB8\x8F", 0},
	{"\xE2\x9D\x87\xEF\xB8\x8F", 0},
	{"\xC2\xA9\xEF\xB8\x8F", 0},
	{"\xC2\xAE\xEF\xB8\x8F", 0},
	{"\xE2\x84\xA2\xEF\xB8\x8F", 0},
	{"\xF0\x9F\xAB\x9F", 0},
	{"\x23\xEF\xB8\x8F\xE2\x83\xA3", 0},
	{"\x2A\xEF\xB8\x8F\xE2\x83\xA3", 0},
	{"\x30\xEF\xB8\x8F\xE2\x83\xA3", 0},
	{"\x31\xEF\xB8\x8F\xE2\x83\xA3", 0},
	{"\x32\xEF\xB8\x8F\xE2\x83\xA3", 0},
	{"\x33\xEF\xB8\x8F\xE2\x83\xA3", 0},
	{"\x34\xEF\xB8\x8F\xE2\x83\xA3", 0},
	{"\x35\xEF\xB8\x8F\xE2\x83\xA3", 0},
	{"\x36\xEF\xB8\x8F\xE2\x83\xA3", 0},
	{"\x37\xEF\xB8\x8F\xE2\x83\xA3", 0},
	{"\x38\xEF\xB8\x8F\xE2\x83\xA3", 0},
	{"\x39\xEF\xB8\x8F\xE2\x83\xA3", 0},
	{"\xF0\x9F\x94\x9F", 0},
	{"\xF0\x9F\x94\xA0", 0},
	{"\xF0\x9F\x94\xA1", 0},
	{"\xF0\x9F\x94\xA2", 0},
	{"\xF0\x9F\x94\xA3", 0},
	{"\xF0\x9F\x94\xA4", 0},
	{"\xF0\x9F\x85\xB0\xEF\xB8\x8F", 0},
	{"\xF0\x9F\x86\x8E", 0},
	{"\xF0\x9F\x85\xB1\xEF\xB8\x8F", 0},
	{"\xF0\x9F\x86\x91", 0},
	{"\xF0\x9F\x86\x92", 0},
	{"\xF0\x9F\x86\x93", 0},
	{"\xE2\x84\xB9\xEF\xB8\x8F", 0},
	{"\xF0\x9F\x86\x94", 0},
	{"\xE2\x93\x82\xEF\xB8\x8F", 0},
	{"\xF0\x9F\x86\x95", 0},
	{"\xF0\x9F\x86\x96", 0},
	{"\xF0\x9F\x85\xBE\xEF\xB8\x8F", 0},
	{"\xF0\x9F\x86\x97", 0},
	{"\xF0\x9F\x85\xBF\xEF\xB8\x8F", 0},
	{"\xF0\x9F\x86\x98", 0},
	{"\xF0\x9F\x86\x99", 0},
	{"\xF0\x9F\x86\x9A", 0},
	{"\xF0\x9F\x88\x81", 0},
	{"\xF0\x9F\x88\x82\xEF\xB8\x8F", 0},
	{"\xF0\x9F\x88\xB7\xEF\xB8\x8F", 0},
	{"\xF0\x9F\x88\xB6", 0},
	{"\xF0\x9F\x88\xAF", 0},
	{"\xF0\x9F\x89\x90", 0},
	{"\xF0\x9F\x88\xB9", 0},
	{"\xF0\x9F\x88\x9A", 0},
	{"\xF0\x9F\x88\xB2", 0},
	{"\xF0\x9F\x89\x91", 0},
	{"\xF0\x9F\x88\xB8", 0},
	{"\xF0\x9F\x88\xB4", 0},
	{"\xF0\x9F\x88\xB3", 0},
	{"\xE3\x8A\x97\xEF\xB8\x8F", 0},
	{"\xE3\x8A\x99\xEF\xB8\x8F", 0},
	{"\xF0\x9F\x88\xBA", 0},
	{"\xF0\x9F\x88\xB5", 0},
	{"\xF0\x9F\x94\xB4", 0},
	{"\xF0\x9F\x9F\xA0", 0},
	{"\xF0\x9F\x9F\xA1", 0},
	{"\xF0\x9F\x9F\xA2", 0},
	{"\xF0\x9F\x94\xB5", 0},
	{"\xF0\x9F\x9F\xA3", 0},
	{"\xF0\x9F\x9F\xA4", 0},
	{"\xE2\x9A\xAB", 0},
	{"\xE2\x9A\xAA", 0},
	{"\xF0\x9F\x9F\xA5", 0},
	{"\xF0\x9F\x9F\xA7", 0},
	{"\xF0\x9F\x9F\xA8", 0},
	{"\xF0\x9F\x9F\xA9", 0},
	{"\xF0\x9F\x9F\xA6", 0},
	{"\xF0\x9F\x9F\xAA", 0},
	{"\xF0\x9F\x9F\xAB", 0},
	{"\xE2\xAC\x9B", 0},
	{"\xE2\xAC\x9C", 0},
	{"\xE2\x97\xBC\xEF\xB8\x8F", 0},
	{"\xE2\x97\xBB\xEF\xB8\x8F", 0},
	{"\xE2\x97\xBE", 0},
	{"\xE2\x97\xBD", 0},
	{"\xE2\x96\xAA\xEF\xB8\x8F", 0},
	{"\xE2\x96\xAB\xEF\xB8\x8F", 0},
	{"\xF0\x9F\x94\xB6", 0},
	{"\xF0\x9F\x94\xB7", 0},
	{"\xF0\x9F\x94\xB8", 0},
	{"\xF0\x9F\x94\xB9", 0},
	{"\xF0\x9F\x94\xBA", 0},
	{"\xF0\x9F\x94\xBB", 0},
	{"\xF0\x9F\x92\xA0", 0},
	{"\xF0\x9F\x94\x98", 0},
	{"\xF0\x9F\x94\xB3", 0},
	{"\xF0\x9F\x94\xB2", 0},
	{"\xF0\x9F\x8F\x81", 0},
	{"\xF0\x9F\x9A\xA9", 0},
	{"\xF0\x9F\x8E\x8C", 0},
	{"\xF0\x9F\x8F\xB4", 0},
	{"\xF0\x9F\x8F\xB3\xEF\xB8\x8F", 0},
	{"\xF0\x9F\x8F\xB3\xEF\xB8\x8F\xE2\x80\x8D\xF0\x9F\x8C\x88", 0},
	{"\xF0\x9F\x8F\xB3\xEF\xB8\x8F\xE2\x80\x8D\xE2\x9A\xA7\xEF\xB8\x8F", 0},
	{"\xF0\x9F\x8F\xB4\xE2\x80\x8D\xE2\x98\xA0\xEF\xB8\x8F", 0},
	{"\xF0\x9F\x87\xA6\xF0\x9F\x87\xA8", 0},
	{"\xF0\x9F\x87\xA6\xF0\x9F\x87\xA9", 0},
	{"\xF0\x9F\x87\xA6\xF0\x9F\x87\xAA", 0},
	{"\xF0\x9F\x87\xA6\xF0\x9F\x87\xAB", 0},
	{"\xF0\x9F\x87\xA6\xF0\x9F\x87\xAC", 0},
	{"\xF0\x9F\x87\xA6\xF0\x9F\x87\xAE", 0},
	{"\xF0\x9F\x87\xA6\xF0\x9F\x87\xB1", 0},
	{"\xF0\x9F\x87\xA6\xF0\x9F\x87\xB2", 0},
	{"\xF0\x9F\x87\xA6\xF0\x9F\x87\xB4", 0},
	{"\xF0\x9F\x87\xA6\xF0\x9F\x87\xB6", 0},
	{"\xF0\x9F\x87\xA6\xF0\x9F\x87\xB7", 0},
	{"\xF0\x9F\x87\xA6\xF0\x9F\x87\xB8", 0},
	{"\xF0\x9F\x87\xA6\xF0\x9F\x87\xB9", 0},
	{"\xF0\x9F\x87\xA6\xF0\x9F\x87\xBA", 0},
	{"\xF0\x9F\x87\xA6\xF0\x9F\x87\xBC", 0},
	{"\xF0\x9F\x87\xA6\xF0\x9F\x87\xBD", 0},
	{"\xF0\x9F\x87\xA6\xF0\x9F\x87\xBF", 0},
	{"\xF0\x9F\x87\xA7\xF0\x9F\x87\xA6", 0},
	{"\xF0\x9F\x87\xA7\xF0\x9F\x87\xA7", 0},
	{"\xF0\x9F\x87\xA7\xF0\x9F\x87\xA9", 0},
	{"\xF0\x9F\x87\xA7\xF0\x9F\x87\xAA", 0},
	{"\xF0\x9F\x87\xA7\xF0\x9F\x87\xAB", 0},
	{"\xF0\x9F\x87\xA7\xF0\x9F\x87\xAC", 0},
	{"\xF0\x9F\x87\xA7\xF0\x9F\x87\xAD", 0},
	{"\xF0\x9F\x87\xA7\xF0\x9F\x87\xAE", 0},
	{"\xF0\x9F\x87\xA7\xF0\x9F\x87\xAF", 0},
	{"\xF0\x9F\x87\xA7\xF0\x9F\x87\xB1", 0},
	{"\xF0\x9F\x87\xA7\xF0\x9F\x87\xB2", 0},
	{"\xF0\x9F\x87\xA7\xF0\x9F\x87\xB3", 0},
	{"\xF0\x9F\x87\xA7\xF0\x9F\x87\xB4", 0},
	{"\xF0\x9F\x87\xA7\xF0\x9F\x87\xB6", 0},
	{"\xF0\x9F\x87\xA7\xF0\x9F\x87\xB7", 0},
	{"\xF0\x9F\x87\xA7\xF0\x9F\x87\xB8", 0},
	{"\xF0\x9F\x87\xA7\xF0\x9F\x87\xB9", 0},
	{"\xF0\x9F\x87\xA7\xF0\x9F\x87\xBB", 0},
	{"\xF0\x9F\x87\xA7\xF0\x9F\x87\xBC", 0},
	{"\xF0\x9F\x87\xA7\xF0\x9F\x87\xBE", 0},
	{"\xF0\x9F\x87\xA7\xF0\x9F\x87\xBF", 0},
	{"\xF0\x9F\x87\xA8\xF0\x9F\x87\xA6", 0},
	{"\xF0\x9F\x87\xA8\xF0\x9F\x87\xA8", 0},
	{"\xF0\x9F\x87\xA8\xF0\x9F\x87\xA9", 0},
	{"\xF0\x9F\x87\xA8\xF0\x9F\x87\xAB", 0},
	{"\xF0\x9F\x87\xA8\xF0\x9F\x87\xAC", 0},
	{"\xF0\x9F\x87\xA8\xF0\x9F\x87\xAD", 0},
	{"\xF0\x9F\x87\xA8\xF0\x9F\x87\xAE", 0},
	{"\xF0\x9F\x87\xA8\xF0\x9F\x87\xB0", 0},
	{"\xF0\x9F\x87\xA8\xF0\x9F\x87\xB1", 0},
	{"\xF0\x9F\x87\xA8\xF0\x9F\x87\xB2", 0},
	{"\xF0\x9F\x87\xA8\xF0\x9F\x87\xB3", 0},
	{"\xF0\x9F\x87\xA8\xF0\x9F\x87\xB4", 0},
	{"\xF0\x9F\x87\xA8\xF0\x9F\x87\xB5", 0},
	{"\xF0\x9F\x87\xA8\xF0\x9F\x87\xB6", 0},
	{"\xF0\x9F\x87\xA8\xF0\x9F\x87\xB7", 0},
	{"\xF0\x9F\x87\xA8\xF0\x9F\x87\xBA", 0},
	{"\xF0\x9F\x87\xA8\xF0\x9F\x87\xBB", 0},
	{"\xF0\x9F\x87\xA8\xF0\x9F\x87\xBC", 0},
	{"\xF0\x9F\x87\xA8\xF0\x9F\x87\xBD", 0},
	{"\xF0\x9F\x87\xA8\xF0\x9F\x87\xBE", 0},
	{"\xF0\x9F\x87\xA8\xF0\x9F\x87\xBF", 0},
	{"\xF0\x9F\x87\xA9\xF0\x9F\x87\xAA", 0},
	{"\xF0\x9F\x87\xA9\xF0\x9F\x87\xAC", 0},
	{"\xF0\x9F\x87\xA9\xF0\x9F\x87\xAF", 0},
	{"\xF0\x9F\x87\xA9\xF0\x9F\x87\xB0", 0},
	{"\xF0\x9F\x87\xA9\xF0\x9F\x87\xB2", 0},
	{"\xF0\x9F\x87\xA9\xF0\x9F\x87\xB4", 0},
	{"\xF0\x9F\x87\xA9\xF0\x9F\x87\xBF", 0},
	{"\xF0\x9F\x87\xAA\xF0\x9F\x87\xA6", 0},
	{"\xF0\x9F\x87\xAA\xF0\x9F\x87\xA8", 0},
	{"\xF0\x9F\x87\xAA\xF0\x9F\x87\xAA", 0},
	{"\xF0\x9F\x87\xAA\xF0\x9F\x87\xAC", 0},
	{"\xF0\x9F\x87\xAA\xF0\x9F\x87\xAD", 0},
	{"\xF0\x9F\x87\xAA\xF0\x9F\x87\xB7", 0},
	{"\xF0\x9F\x87\xAA\xF0\x9F\x87\xB8", 0},
	{"\xF0\x9F\x87\xAA\xF0\x9F\x87\xB9", 0},
	{"\xF0\x9F\x87\xAA\xF0\x9F\x87\xBA", 0},
	{"\xF0\x9F\x87\xAB\xF0\x9F\x87\xAE", 0},
	{"\xF0\x9F\x87\xAB\xF0\x9F\x87\xAF", 0},
	{"\xF0\x9F\x87\xAB\xF0\x9F\x87\xB0", 0},
	{"\xF0\x9F\x87\xAB\xF0\x9F\x87\xB2", 0},
	{"\xF0\x9F\x87\xAB\xF0\x9F\x87\xB4", 0},
	{"\xF0\x9F\x87\xAB\xF0\x9F\x87\xB7", 0},
	{"\xF0\x9F\x87\xAC\xF0\x9F\x87\xA6", 0},
	{"\xF0\x9F\x87\xAC\xF0\x9F\x87\xA7", 0},
	{"\xF0\x9F\x87\xAC\xF0\x9F\x87\xA9", 0},
	{"\xF0\x9F\x87\xAC\xF0\x9F\x87\xAA", 0},
	{"\xF0\x9F\x87\xAC\xF0\x9F\x87\xAB", 0},
	{"\xF0\x9F\x87\xAC\xF0\x9F\x87\xAC", 0},
	{"\xF0\x9F\x87\xAC\xF0\x9F\x87\xAD", 0},
	{"\xF0\x9F\x87\xAC\xF0\x9F\x87\xAE", 0},
	{"\xF0\x9F\x87\xAC\xF0\x9F\x87\xB1", 0},
	{"\xF0\x9F\x87\xAC\xF0\x9F\x87\xB2", 0},
	{"\xF0\x9F\x87\xAC\xF0\x9F\x87\xB3", 0},
	{"\xF0\x9F\x87\xAC\xF0\x9F\x87\xB5", 0},
	{"\xF0\x9F\x87\xAC\xF0\x9F\x87\xB6", 0},
	{"\xF0\x9F\x87\xAC\xF0\x9F\x87\xB7", 0},
	{"\xF0\x9F\x87\xAC\xF0\x9F\x87\xB8", 0},
	{"\xF0\x9F\x87\xAC\xF0\x9F\x87\xB9", 0},
	{"\xF0\x9F\x87\xAC\xF0\x9F\x87\xBA", 0},
	{"\xF0\x9F\x87\xAC\xF0\x9F\x87\xBC", 0},
	{"\xF0\x9F\x87\xAC\xF0\x9F\x87\xBE", 0},
	{"\xF0\x9F\x87\xAD\xF0\x9F\x87\xB0", 0},
	{"\xF0\x9F\x87\xAD\xF0\x9F\x87\xB2", 0},
	{"\xF0\x9F\x87\xAD\xF0\x9F\x87\xB3", 0},
	{"\xF0\x9F\x87\xAD\xF0\x9F\x87\xB7", 0},
	{"\xF0\x9F\x87\xAD\xF0\x9F\x87\xB9", 0},
	{"\xF0\x9F\x87\xAD\xF0\x9F\x87\xBA", 0},
	{"\xF0\x9F\x87\xAE\xF0\x9F\x87\xA8", 0},
	{"\xF0\x9F\x87\xAE\xF0\x9F\x87\xA9", 0},
	{"\xF0\x9F\x87\xAE\xF0\x9F\x87\xAA", 0},
	{"\xF0\x9F\x87\xAE\xF0\x9F\x87\xB1", 0},
	{"\xF0\x9F\x87\xAE\xF0\x9F\x87\xB2", 0},
	{"\xF0\x9F\x87\xAE\xF0\x9F\x87\xB3", 0},
	{"\xF0\x9F\x87\xAE\xF0\x9F\x87\xB4", 0},
	{"\xF0\x9F\x87\xAE\xF0\x9F\x87\xB6", 0},
	{"\xF0\x9F\x87\xAE\xF0\x9F\x87\xB7", 0},
	{"\xF0\x9F\x87\xAE\xF0\x9F\x87\xB8", 0},
	{"\xF0\x9F\x87\xAE\xF0\x9F\x87\xB9", 0},
	{"\xF0\x9F\x87\xAF\xF0\x9F\x87\xAA", 0},
	{"\xF0\x9F\x87\xAF\xF0\x9F\x87\xB2", 0},
	{"\xF0\x9F\x87\xAF\xF0\x9F\x87\xB4", 0},
	{"\xF0\x9F\x87\xAF\xF0\x9F\x87\xB5", 0},
	{"\xF0\x9F\x87\xB0\xF0\x9F\x87\xAA", 0},
	{"\xF0\x9F\x87\xB0\xF0\x9F\x87\xAC", 0},
	{"\xF0\x9F\x87\xB0\xF0\x9F\x87\xAD", 0},
	{"\xF0\x9F\x87\xB0\xF0\x9F\x87\xAE", 0},
	{"\xF0\x9F\x87\xB0\xF0\x9F\x87\xB2", 0},
	{"\xF0\x9F\x87\xB0\xF0\x9F\x87\xB3", 0},
	{"\xF0\x9F\x87\xB0\xF0\x9F\x87\xB5", 0},
	{"\xF0\x9F\x87\xB0\xF0\x9F\x87\xB7", 0},
	{"\xF0\x9F\x87\xB0\xF0\x9F\x87\xBC", 0},
	{"\xF0\x9F\x87\xB0\xF0\x9F\x87\xBE", 0},
	{"\xF0\x9F\x87\xB0\xF0\x9F\x87\xBF", 0},
	{"\xF0\x9F\x87\xB1\xF0\x9F\x87\xA6", 0},
	{"\xF0\x9F\x87\xB1\xF0\x9F\x87\xA7", 0},
	{"\xF0\x9F\x87\xB1\xF0\x9F\x87\xA8", 0},
	{"\xF0\x9F\x87\xB1\xF0\x9F\x87\xAE", 0},
	{"\xF0\x9F\x87\xB1\xF0\x9F\x87\xB0", 0},
	{"\xF0\x9F\x87\xB1\xF0\x9F\x87\xB7", 0},
	{"\xF0\x9F\x87\xB1\xF0\x9F\x87\xB8", 0},
	{"\xF0\x9F\x87\xB1\xF0\x9F\x87\xB9", 0},
	{"\xF0\x9F\x87\xB1\xF0\x9F\x87\xBA", 0},
	{"\xF0\x9F\x87\xB1\xF0\x9F\x87\xBB", 0},
	{"\xF0\x9F\x87\xB1\xF0\x9F\x87\xBE", 0},
	{"\xF0\x9F\x87\xB2\xF0\x9F\x87\xA6", 0},
	{"\xF0\x9F\x87\xB2\xF0\x9F\x87\xA8", 0},
	{"\xF0\x9F\x87\xB2\xF0\x9F\x87\xA9", 0},
	{"\xF0\x9F\x87\xB2\xF0\x9F\x87\xAA", 0},
	{"\xF0\x9F\x87\xB2\xF0\x9F\x87\xAB", 0},
	{"\xF0\x9F\x87\xB2\xF0\x9F\x87\xAC", 0},
	{"\xF0\x9F\x87\xB2\xF0\x9F\x87\xAD", 0},
	{"\xF0\x9F\x87\xB2\xF0\x9F\x87\xB0", 0},
	{"\xF0\x9F\x87\xB2\xF0\x9F\x87\xB1", 0},
	{"\xF0\x9F\x87\xB2\xF0\x9F\x87\xB2", 0},
	{"\xF0\x9F\x87\xB2\xF0\x9F\x87\xB3", 0},
	{"\xF0\x9F\x87\xB2\xF0\x9F\x87\xB4", 0},
	{"\xF0\x9F\x87\xB2\xF0\x9F\x87\xB5", 0},
	{"\xF0\x9F\x87\xB2\xF0\x9F\x87\xB6", 0},
	{"\xF0\x9F\x87\xB2\xF0\x9F\x87\xB7", 0},
	{"\xF0\x9F\x87\xB2\xF0\x9F\x87\xB8", 0},
	{"\xF0\x9F\x87\xB2\xF0\x9F\x87\xB9", 0},
	{"\xF0\x9F\x87\xB2\xF0\x9F\x87\xBA", 0},
	{"\xF0\x9F\x87\xB2\xF0\x9F\x87\xBB", 0},
	{"\xF0\x9F\x87\xB2\xF0\x9F\x87\xBC", 0},
	{"\xF0\x9F\x87\xB2\xF0\x9F\x87\xBD", 0},
	{"\xF0\x9F\x87\xB2\xF0\x9F\x87\xBE", 0},
	{"\xF0\x9F\x87\xB2\xF0\x9F\x87\xBF", 0},
	{"\xF0\x9F\x87\xB3\xF0\x9F\x87\xA6", 0},
	{"\xF0\x9F\x87\xB3\xF0\x9F\x87\xA8", 0},
	{"\xF0\x9F\x87\xB3\xF0\x9F\x87\xAA", 0},
	{"\xF0\x9F\x87\xB3\xF0\x9F\x87\xAB", 0},
	{"\xF0\x9F\x87\xB3\xF0\x9F\x87\xAC", 0},
	{"\xF0\x9F\x87\xB3\xF0\x9F\x87\xAE", 0},
	{"\xF0\x9F\x87\xB3\xF0\x9F\x87\xB1", 0},
	{"\xF0\x9F\x87\xB3\xF0\x9F\x87\xB4", 0},
	{"\xF0\x9F\x87\xB3\xF0\x9F\x87\xB5", 0},
	{"\xF0\x9F\x87\xB3\xF0\x9F\x87\xB7", 0},
	{"\xF0\x9F\x87\xB3\xF0\x9F\x87\xBA", 0},
	{"\xF0\x9F\x87\xB3\xF0\x9F\x87\xBF", 0},
	{"\xF0\x9F\x87\xB4\xF0\x9F\x87\xB2", 0},
	{"\xF0\x9F\x87\xB5\xF0\x9F\x87\xA6", 0},
	{"\xF0\x9F\x87\xB5\xF0\x9F\x87\xAA", 0},
	{"\xF0\x9F\x87\xB5\xF0\x9F\x87\xAB", 0},
	{"\xF0\x9F\x87\xB5\xF0\x9F\x87\xAC", 0},
	{"\xF0\x9F\x87\xB5\xF0\x9F\x87\xAD", 0},
	{"\xF0\x9F\x87\xB5\xF0\x9F\x87\xB0", 0},
	{"\xF0\x9F\x87\xB5\xF0\x9F\x87\xB1", 0},
	{"\xF0\x9F\x87\xB5\xF0\x9F\x87\xB2", 0},
	{"\xF0\x9F\x87\xB5\xF0\x9F\x87\xB3", 0},
	{"\xF0\x9F\x87\xB5\xF0\x9F\x87\xB7", 0},
	{"\xF0\x9F\x87\xB5\xF0\x9F\x87\xB8", 0},
	{"\xF0\x9F\x87\xB5\xF0\x9F\x87\xB9", 0},
	{"\xF0\x9F\x87\xB5\xF0\x9F\x87\xBC", 0},
	{"\xF0\x9F\x87\xB5\xF0\x9F\x87\xBE", 0},
	{"\xF0\x9F\x87\xB6\xF0\x9F\x87\xA6", 0},
	{"\xF0\x9F\x87\xB7\xF0\x9F\x87\xAA", 0},
	{"\xF0\x9F\x87\xB7\xF0\x9F\x87\xB4", 0},
	{"\xF0\x9F\x87\xB7\xF0\x9F\x87\xB8", 0},
	{"\xF0\x9F\x87\xB7\xF0\x9F\x87\xBA", 0},
	{"\xF0\x9F\x87\xB7\xF0\x9F\x87\xBC", 0},
	{"\xF0\x9F\x87\xB8\xF0\x9F\x87\xA6", 0},
	{"\xF0\x9F\x87\xB8\xF0\x9F\x87\xA7", 0},
	{"\xF0\x9F\x87\xB8\xF0\x9F\x87\xA8", 0},
	{"\xF0\x9F\x87\xB8\xF0\x9F\x87\xA9", 0},
	{"\xF0\x9F\x87\xB8\xF0\x9F\x87\xAA", 0},
	{"\xF0\x9F\x87\xB8\xF0\x9F\x87\xAC", 0},
	{"\xF0\x9F\x87\xB8\xF0\x9F\x87\xAD", 0},
	{"\xF0\x9F\x87\xB8\xF0\x9F\x87\xAE", 0},
	{"\xF0\x9F\x87\xB8\xF0\x9F\x87\xAF", 0},
	{"\xF0\x9F\x87\xB8\xF0\x9F\x87\xB0", 0},
	{"\xF0\x9F\x87\xB8\xF0\x9F\x87\xB1", 0},
	{"\xF0\x9F\x87\xB8\xF0\x9F\x87\xB2", 0},
	{"\xF0\x9F\x87\xB8\xF0\x9F\x87\xB3", 0},
	{"\xF0\x9F\x87\xB8\xF0\x9F\x87\xB4", 0},
	{"\xF0\x9F\x87\xB8\xF0\x9F\x87\xB7", 0},
	{"\xF0\x9F\x87\xB8\xF0\x9F\x87\xB8", 0},
	{"\xF0\x9F\x87\xB8\xF0\x9F\x87\xB9", 0},
	{"\xF0\x9F\x87\xB8\xF0\x9F\x87\xBB", 0},
	{"\xF0\x9F\x87\xB8\xF0\x9F\x87\xBD", 0},
	{"\xF0\x9F\x87\xB8\xF0\x9F\x87\xBE", 0},
	{"\xF0\x9F\x87\xB8\xF0\x9F\x87\xBF", 0},
	{"\xF0\x9F\x87\xB9\xF0\x9F\x87\xA6", 0},
	{"\xF0\x9F\x87\xB9\xF0\x9F\x87\xA8", 0},
	{"\xF0\x9F\x87\xB9\xF0\x9F\x87\xA9", 0},
	{"\xF0\x9F\x87\xB9\xF0\x9F\x87\xAB", 0},
	{"\xF0\x9F\x87\xB9\xF0\x9F\x87\xAC", 0},
	{"\xF0\x9F\x87\xB9\xF0\x9F\x87\xAD", 0},
	{"\xF0\x9F\x87\xB9\xF0\x9F\x87\xAF", 0},
	{"\xF0\x9F\x87\xB9\xF0\x9F\x87\xB0", 0},
	{"\xF0\x9F\x87\xB9\xF0\x9F\x87\xB1", 0},
	{"\xF0\x9F\x87\xB9\xF0\x9F\x87\xB2", 0},
	{"\xF0\x9F\x87\xB9\xF0\x9F\x87\xB3", 0},
	{"\xF0\x9F\x87\xB9\xF0\x9F\x87\xB4", 0},
	{"\xF0\x9F\x87\xB9\xF0\x9F\x87\xB7", 0},
	{"\xF0\x9F\x87\xB9\xF0\x9F\x87\xB9", 0},
	{"\xF0\x9F\x87\xB9\xF0\x9F\x87\xBB", 0},
	{"\xF0\x9F\x87\xB9\xF0\x9F\x87\xBC", 0},
	{"\xF0\x9F\x87\xB9\xF0\x9F\x87\xBF", 0},
	{"\xF0\x9F\x87\xBA\xF0\x9F\x87\xA6", 0},
	{"\xF0\x9F\x87\xBA\xF0\x9F\x87\xAC", 0},
	{"\xF0\x9F\x87\xBA\xF0\x9F\x87\xB2", 0},
	{"\xF0\x9F\x87\xBA\xF0\x9F\x87\xB3", 0},
	{"\xF0\x9F\x87\xBA\xF0\x9F\x87\xB8", 0},
	{"\xF0\x9F\x87\xBA\xF0\x9F\x87\xBE", 0},
	{"\xF0\x9F\x87\xBA\xF0\x9F\x87\xBF", 0},
	{"\xF0\x9F\x87\xBB\xF0\x9F\x87\xA6", 0},
	{"\xF0\x9F\x87\xBB\xF0\x9F\x87\xA8", 0},
	{"\xF0\x9F\x87\xBB\xF0\x9F\x87\xAA", 0},
	{"\xF0\x9F\x87\xBB\xF0\x9F\x87\xAC", 0},
	{"\xF0\x9F\x87\xBB\xF0\x9F\x87\xAE", 0},
	{"\xF0\x9F\x87\xBB\xF0\x9F\x87\xB3", 0},
	{"\xF0\x9F\x87\xBB\xF0\x9F\x87\xBA", 0},
	{"\xF0\x9F\x87\xBC\xF0\x9F\x87\xAB", 0},
	{"\xF0\x9F\x87\xBC\xF0\x9F\x87\xB8", 0},
	{"\xF0\x9F\x87\xBD\xF0\x9F\x87\xB0", 0},
	{"\xF0\x9F\x87\xBE\xF0\x9F\x87\xAA", 0},
	{"\xF0\x9F\x87\xBE\xF0\x9F\x87\xB9", 0},
	{"\xF0\x9F\x87\xBF\xF0\x9F\x87\xA6", 0},
	{"\xF0\x9F\x87\xBF\xF0\x9F\x87\xB2", 0},
	{"\xF0\x9F\x87\xBF\xF0\x9F\x87\xBC", 0},
	{"\xF0\x9F\x8F\xB4\xF3\xA0\x81\xA7\xF3\xA0\x81\xA2\xF3\xA0\x81\xA5\xF3\xA0\x81\xAE\xF3\xA0\x81\xA7\xF3\xA0\x81\xBF", 0},
	{"\xF0\x9F\x8F\xB4\xF3\xA0\x81\xA7\xF3\xA0\x81\xA2\xF3\xA0\x81\xB3\xF3\xA0\x81\xA3\xF3\xA0\x81\xB4\xF3\xA0\x81\xBF", 0},
	{"\xF0\x9F\x8F\xB4\xF3\xA0\x81\xA7\xF3\xA0\x81\xA2\xF3\xA0\x81\xB7\xF3\xA0\x81\xAC\xF3\xA0\x81\xB3\xF3\xA0\x81\xBF", 0},
};

static const EmojiName kEmojiNames[] = {
	{"+1", 198},
	{"-1", 199},
	{"100", 157},
	{"1234", 1578},
	{"8ball", 1132},
	{"a", 1581},
	{"ab", 1582},
	{"abacus", 1256},
	{"abc", 1580},
	{"abcd", 1577},
	{"accept", 1607},
	{"accordion", 1227},
	{"adhesive_bandage", 1387},
	{"admission_tickets", 1093},
	{"adult", 236},
	{"aerial_tramway", 990},
	{"airplane", 981},
	{"airplane_arriving", 984},
	{"airplane_departure", 983},
	{"alarm_clock", 999},
	{"alembic", 1377},
	{"alien", 116},
	{"ambulance", 938},
	{"amphora", 854},
	{"anatomical_heart", 223},
	{"anchor", 972},
	{"angel", 372},
	{"anger", 158},
	{"angry", 105},
	{"anguished", 89},
	{"ant", 682},
	{"apple", 733},
	{"aquarius", 1495},
	{"aries", 1485},
	{"arrow_backward", 1505},
	{"arrow_double_down", 1511},
	{"arrow_double_up", 1509},
	{"arrow_down", 1455},
	{"arrow_down_small", 1510},
	{"arrow_forward", 1501},
	{"arrow_heading_down", 1464},
	{"arrow_heading_up", 1463},
	{"arrow_left", 1457},
	{"arrow_lower_left", 1456},
	{"arrow_lower_right", 1454},
	{"arrow_right", 1453},
	{"arrow_right_hook", 1462},
	{"arrow_up", 1451},
	{"arrow_up_down", 1459},
	{"arrow_up_small", 1508},
	{"arrow_upper_left", 1458},
	{"arrow_upper_right", 1452},
	{"arrows_clockwise", 1465},
	{"arrows_counterclockwise", 1466},
	{"art", 1154},
	{"articulated_lorry", 949},
	{"artist", 326},
	{"astonished", 83},
	{"astronaut", 332},
	{"athletic_shoe", 1187},
	{"atm", 1425},
	{"atom_symbol", 1473},
	{"auto_rickshaw", 956},
	{"avocado", 744},
	{"axe", 1351},
	{"b", 1583},
	{"baby", 232},
	{"baby_bottle", 828},
	{"baby_chick", 634},
	{"baby_symbol", 1432},
	{"back", 1467},
	{"bacon", 775},
	{"badger", 628},
	{"badminton_racquet_and_shuttlecock", 1116},
	{"bagel", 768},
	{"baggage_claim", 1436},
	{"baguette_bread", 765},
	{"bald_man", 245},
	{"bald_person", 254},
	{"bald_woman", 253},
	{"ballet_dancer", 450},
	{"ballet_shoes", 1192},
	{"balloon", 1080},
	{"ballot_box_with_ballot", 1313},
	{"ballot_box_with_check", 1549},
	{"bamboo", 1084},
	{"banana", 730},
	{"bangbang", 1532},
	{"banjo", 1231},
	{"bank", 887},
	{"bar_chart", 1332},
	{"barber", 920},
	{"barely_sunny", 1052},
	{"baseball", 1102},
	{"basket", 1407},
	{"basketball", 1104},
	{"bat", 619},
	{"bath", 509},
	{"bathtub", 1401},
	{"battery", 1243},
	{"beach_with_umbrella", 868},
	{"beans", 757},
	{"bear", 620},
	{"bearded_person", 239},
	{"beaver", 617},
	{"bed", 1395},
	{"bee", 683},
	{"beer", 838},
	{"beers", 839},
	{"beetle", 684},
	{"beginner", 1546},
	{"bell", 1213},
	{"bell_pepper", 750},
	{"bellhop_bell", 994},
	{"bento", 797},
	{"beverage_box", 845},
	{"bicyclist", 485},
	{"bike", 957},
	{"bikini", 1177},
	{"billed_cap", 1199},
	{"biohazard_sign", 1450},
	{"bird", 636},
	{"birthday", 819},
	{"bison", 590},
	{"biting_lip", 231},
	{"black_bird", 649},
	{"black_cat", 578},
	{"black_circle", 1622},
	{"black_circle_for_record", 1514},
	{"black_heart", 153},
	{"black_joker", 1149},
	{"black_large_square", 1631},
	{"black_left_pointing_double_triangle_with_vertical_bar", 1507},
	{"black_medium_small_square", 1635},
	{"black_medium_square", 1633},
	{"black_nib", 1315},
	{"black_right_pointing_double_triangle_with_vertical_bar", 1503},
	{"black_right_pointing_triangle_with_double_vertical_bar", 1504},
	{"black_small_square", 1637},
	{"black_square_button", 1648},
	{"black_square_for_stop", 1513},
	{"blond-haired-man", 256},
	{"blond-haired-woman", 255},
	{"blossom", 704},
	{"blowfish", 668},
	{"blue_book", 1277},
	{"blue_car", 946},
	{"blue_heart", 149},
	{"blueberries", 739},
	{"blush", 12},
	{"boar", 597},
	{"boat", 974},
	{"bomb", 1357},
	{"bone", 226},
	{"book", 1275},
	{"bookmark", 1288},
	{"bookmark_tabs", 1287},
	{"books", 1279},
	{"boom", 160},
	{"boomerang", 1358},
	{"boot", 1193},
	{"bouquet", 695},
	{"bow", 281},
	{"bow_and_arrow", 1359},
	{"bowl_with_spoon", 791},
	{"bowling", 1110},
	{"boxing_glove", 1117},
	{"boy", 234},
	{"brain", 222},
	{"bread", 763},
	{"breast-feeding", 368},
	{"bricks", 875},
	{"bride_with_veil", 362},
	{"bridge_at_night", 914},
	{"briefcase", 1321},
	{"briefs", 1175},
	{"broccoli", 753},
	{"broken_chain", 1370},
	{"broken_heart", 141},
	{"broom", 1406},
	{"brown_heart", 152},
	{"brown_mushroom", 761},
	{"bubble_tea", 844},
	{"bubbles", 1411},
	{"bucket", 1409},
	{"bug", 681},
	{"building_construction", 874},
	{"bulb", 1269},
	{"bullettrain_front", 925},
	{"bullettrain_side", 924},
	{"burrito", 782},
	{"bus", 934},
	{"busstop", 961},
	{"bust_in_silhouette", 549},
	{"busts_in_silhouette", 550},
	{"butter", 794},
	{"butterfly", 680},
	{"cactus", 712},
	{"cake", 820},
	{"calendar", 1326},
	{"call_me_hand", 190},
	{"calling", 1238},
	{"camel", 603},
	{"camera", 1262},
	{"camera_with_flash", 1263},
	{"camping", 867},
	{"cancer", 1488},
	{"candle", 1268},
	{"candy", 824},
	{"canned_food", 796},
	{"canoe", 975},
	{"capital_abcd", 1576},
	{"capricorn", 1494},
	{"car", 944},
	{"card_file_box", 1341},
	{"card_index", 1329},
	{"card_index_dividers", 1324},
	{"carousel_horse", 916},
	{"carpentry_saw", 1361},
	{"carrot", 747},
	{"cat", 576},
	{"cat2", 577},
	{"cd", 1254},
	{"chains", 1371},
	{"chair", 1397},
	{"champagne", 834},
	{"chart", 1300},
	{"chart_with_downwards_trend", 1331},
	{"chart_with_upwards_trend", 1330},
	{"checkered_flag", 1649},
	{"cheese_wedge", 771},
	{"cherries", 737},
	{"cherry_blossom", 696},
	{"chess_pawn", 1148},
	{"chestnut", 758},
	{"chicken", 631},
	{"child", 233},
	{"children_crossing", 1439},
	{"chipmunk", 616},
	{"chocolate_bar", 823},
	{"chopsticks", 848},
	{"christmas_tree", 1075},
	{"church", 899},
	{"cinema", 1516},
	{"circus_tent", 921},
	{"city_sunrise", 913},
	{"city_sunset", 912},
	{"cityscape", 909},
	{"cl", 1584},
	{"clap", 204},
	{"clapper", 1260},
	{"classical_building", 873},
	{"clinking_glasses", 840},
	{"clipboard", 1333},
	{"clock1", 1005},
	{"clock10", 1023},
	{"clock1030", 1024},
	{"clock11", 1025},
	{"clock1130", 1026},
	{"clock12", 1003},
	{"clock1230", 1004},
	{"clock130", 1006},
	{"clock2", 1007},
	{"clock230", 1008},
	{"clock3", 1009},
	{"clock330", 1010},
	{"clock4", 1011},
	{"clock430", 1012},
	{"clock5", 1013},
	{"clock530", 1014},
	{"clock6", 1015},
	{"clock630", 1016},
	{"clock7", 1017},
	{"clock730", 1018},
	{"clock8", 1019},
	{"clock830", 1020},
	{"clock9", 1021},
	{"clock930", 1022},
	{"closed_book", 1274},
	{"closed_lock_with_key", 1347},
	{"closed_umbrella", 1062},
	{"cloud", 1048},
	{"clown_face", 112},
	{"clubs", 1147},
	{"cn", 1705},
	{"coat", 1169},
	{"cockroach", 687},
	{"cocktail", 836},
	{"coconut", 743},
	{"coffee", 830},
	{"coffin", 1417},
	{"coin", 1290},
	{"cold_face", 65},
	{"cold_sweat", 91},
	{"collision", 160},
	{"comet", 1070},
	{"compass", 861},
	{"compression", 1366},
	{"computer", 1246},
	{"confetti_ball", 1082},
	{"confounded", 96},
	{"confused", 76},
	{"congratulations", 1611},
	{"construction", 971},
	{"construction_worker", 348},
	{"control_knobs", 1220},
	{"convenience_store", 890},
	{"cook", 305},
	{"cookie", 818},
	{"cooking", 787},
	{"cool", 1585},
	{"cop", 338},
	{"copyright", 1559},
	{"coral", 672},
	{"corn", 748},
	{"couch_and_lamp", 1396},
	{"couple", 513},
	{"couple_with_heart", 519},
	{"couplekiss", 515},
	{"cow", 591},
	{"cow2", 594},
	{"crab", 674},
	{"credit_card", 1298},
	{"crescent_moon", 1035},
	{"cricket", 686},
	{"cricket_bat_and_ball", 1111},
	{"crocodile", 653},
	{"croissant", 764},
	{"crossed_fingers", 186},
	{"crossed_flags", 1651},
	{"crossed_swords", 1356},
	{"crown", 1195},
	{"crutch", 1388},
	{"cry", 93},
	{"crying_cat_face", 126},
	{"crystal_ball", 1133},
	{"cucumber", 751},
	{"cup_with_straw", 843},
	{"cupcake", 821},
	{"cupid", 132},
	{"curling_stone", 1127},
	{"curly_haired_man", 243},
	{"curly_haired_person", 250},
	{"curly_haired_woman", 249},
	{"curly_loop", 1553},
	{"currency_exchange", 1539},
	{"curry", 801},
	{"custard", 826},
	{"customs", 1435},
	{"cut_of_meat", 774},
	{"cyclone", 1060},
	{"dagger_knife", 1355},
	{"dancer", 451},
	{"dancers", 454},
	{"dango", 810},
	{"dark_sunglasses", 1160},
	{"dart", 1128},
	{"dash", 163},
	{"date", 1325},
	{"de", 1716},
	{"deaf_man", 279},
	{"deaf_person", 278},
	{"deaf_woman", 280},
	{"deciduous_tree", 710},
	{"deer", 589},
	{"department_store", 892},
	{"derelict_house_building", 880},
	{"desert", 869},
	{"desert_island", 870},
	{"desktop_computer", 1247},
	{"diamond_shape_with_a_dot_inside", 1645},
	{"diamonds", 1146},
	{"disappointed", 98},
	{"disappointed_relieved", 92},
	{"disguised_face", 72},
	{"distorted_face", 85},
	{"diving_mask", 1123},
	{"diya_lamp", 1272},
	{"dizzy", 161},
	{"dizzy_face", 67},
	{"dna", 1380},
	{"do_not_litter", 1444},
	{"dodo", 643},
	{"dog", 568},
	{"dog2", 569},
	{"dollar", 1294},
	{"dolls", 1085},
	{"dolphin", 663},
	{"donkey", 585},
	{"door", 1391},
	{"dotted_line_face", 41},
	{"double_vertical_bar", 1512},
	{"doughnut", 817},
	{"dove_of_peace", 638},
	{"dragon", 658},
	{"dragon_face", 657},
	{"dress", 1171},
	{"dromedary_camel", 602},
	{"drooling_face", 55},
	{"drop_of_blood", 1385},
	{"droplet", 1072},
	{"drum_with_drumsticks", 1232},
	{"duck", 640},
	{"dumpling", 811},
	{"dvd", 1255},
	{"e-mail", 1302},
	{"eagle", 639},
	{"ear", 219},
	{"ear_of_rice", 713},
	{"ear_with_hearing_aid", 220},
	{"earth_africa", 855},
	{"earth_americas", 856},
	{"earth_asia", 857},
	{"egg", 786},
	{"eggplant", 745},
	{"eight", 1573},
	{"eight_pointed_black_star", 1557},
	{"eight_spoked_asterisk", 1556},
	{"eject", 1515},
	{"electric_plug", 1245},
	{"elephant", 606},
	{"elevator", 1392},
	{"elf", 394},
	{"email", 1301},
	{"empty_nest", 720},
	{"end", 1468},
	{"envelope", 1301},
	{"envelope_with_arrow", 1304},
	{"es", 1729},
	{"euro", 1295},
	{"european_castle", 895},
	{"european_post_office", 885},
	{"evergreen_tree", 709},
	{"exclamation", 1537},
	{"exploding_head", 69},
	{"expressionless", 39},
	{"eye", 228},
	{"eye-in-speech-bubble", 166},
	{"eyeglasses", 1159},
	{"eyes", 227},
	{"face_exhaling", 47},
	{"face_holding_back_tears", 87},
	{"face_in_clouds", 42},
	{"face_palm", 284},
	{"face_vomiting", 62},
	{"face_with_bags_under_eyes", 57},
	{"face_with_cowboy_hat", 70},
	{"face_with_diagonal_mouth", 77},
	{"face_with_finger_covering_closed_lips", 33},
	{"face_with_hand_over_mouth", 30},
	{"face_with_head_bandage", 60},
	{"face_with_monocle", 75},
	{"face_with_one_eyebrow_raised", 37},
	{"face_with_open_eyes_and_hand_over_mouth", 31},
	{"face_with_open_mouth_vomiting", 62},
	{"face_with_peeking_eye", 32},
	{"face_with_raised_eyebrow", 37},
	{"face_with_rolling_eyes", 45},
	{"face_with_spiral_eyes", 68},
	{"face_with_symbols_on_mouth", 106},
	{"face_with_thermometer", 59},
	{"facepunch", 201},
	{"factory", 893},
	{"factory_worker", 311},
	{"fairy", 385},
	{"falafel", 785},
	{"fallen_leaf", 718},
	{"family", 552},
	{"family_adult_adult_child", 553},
	{"family_adult_adult_child_child", 554},
	{"family_adult_child", 555},
	{"family_adult_child_child", 556},
	{"farmer", 302},
	{"fast_forward", 1502},
	{"fax", 1242},
	{"fearful", 90},
	{"feather", 644},
	{"feet", 629},
	{"female-artist", 328},
	{"female-astronaut", 334},
	{"female-construction-worker", 350},
	{"female-cook", 307},
	{"female-detective", 343},
	{"female-doctor", 292},
	{"female-factory-worker", 313},
	{"female-farmer", 304},
	{"female-firefighter", 337},
	{"female-guard", 346},
	{"female-judge", 301},
	{"female-mechanic", 310},
	{"female-office-worker", 316},
	{"female-pilot", 331},
	{"female-police-officer", 340},
	{"female-scientist", 319},
	{"female-singer", 325},
	{"female-student", 295},
	{"female-teacher", 298},
	{"female-technologist", 322},
	{"female_elf", 396},
	{"female_fairy", 387},
	{"female_genie", 399},
	{"female_mage", 384},
	{"female_sign", 1523},
	{"female_superhero", 378},
	{"female_supervillain", 381},
	{"female_vampire", 390},
	{"female_zombie", 402},
	{"fencer", 463},
	{"ferris_wheel", 918},
	{"ferry", 978},
	{"field_hockey_stick_and_ball", 1112},
	{"fight_cloud", 159},
	{"file_cabinet", 1342},
	{"file_folder", 1322},
	{"film_frames", 1258},
	{"film_projector", 1259},
	{"fingerprint", 558},
	{"fire", 1071},
	{"fire_engine", 939},
	{"fire_extinguisher", 1414},
	{"firecracker", 1078},
	{"firefighter", 335},
	{"fireworks", 1076},
	{"first_place_medal", 1098},
	{"first_quarter_moon", 1029},
	{"first_quarter_moon_with_face", 1037},
	{"fish", 666},
	{"fish_cake", 808},
	{"fishing_pole_and_fish", 1122},
	{"fist", 200},
	{"five", 1570},
	{"flag-ac", 1657},
	{"flag-ad", 1658},
	{"flag-ae", 1659},
	{"flag-af", 1660},
	{"flag-ag", 1661},
	{"flag-ai", 1662},
	{"flag-al", 1663},
	{"flag-am", 1664},
	{"flag-ao", 1665},
	{"flag-aq", 1666},
	{"flag-ar", 1667},
	{"flag-as", 1668},
	{"flag-at", 1669},
	{"flag-au", 1670},
	{"flag-aw", 1671},
	{"flag-ax", 1672},
	{"flag-az", 1673},
	{"flag-ba", 1674},
	{"flag-bb", 1675},
	{"flag-bd", 1676},
	{"flag-be", 1677},
	{"flag-bf", 1678},
	{"flag-bg", 1679},
	{"flag-bh", 1680},
	{"flag-bi", 1681},
	{"flag-bj", 1682},
	{"flag-bl", 1683},
	{"flag-bm", 1684},
	{"flag-bn", 1685},
	{"flag-bo", 1686},
	{"flag-bq", 1687},
	{"flag-br", 1688},
	{"flag-bs", 1689},
	{"flag-bt", 1690},
	{"flag-bv", 1691},
	{"flag-bw", 1692},
	{"flag-by", 1693},
	{"flag-bz", 1694},
	{"flag-ca", 1695},
	{"flag-cc", 1696},
	{"flag-cd", 1697},
	{"flag-cf", 1698},
	{"flag-cg", 1699},
	{"flag-ch", 1700},
	{"flag-ci", 1701},
	{"flag-ck", 1702},
	{"flag-cl", 1703},
	{"flag-cm", 1704},
	{"flag-cn", 1705},
	{"flag-co", 1706},
	{"flag-cp", 1707},
	{"flag-cr", 1709},
	{"flag-cu", 1710},
	{"flag-cv", 1711},
	{"flag-cw", 1712},
	{"flag-cx", 1713},
	{"flag-cy", 1714},
	{"flag-cz", 1715},
	{"flag-de", 1716},
	{"flag-dg", 1717},
	{"flag-dj", 1718},
	{"flag-dk", 1719},
	{"flag-dm", 1720},
	{"flag-do", 1721},
	{"flag-dz", 1722},
	{"flag-ea", 1723},
	{"flag-ec", 1724},
	{"flag-ee", 1725},
	{"flag-eg", 1726},
	{"flag-eh", 1727},
	{"flag-england", 1916},
	{"flag-er", 1728},
	{"flag-es", 1729},
	{"flag-et", 1730},
	{"flag-eu", 1731},
	{"flag-fi", 1732},
	{"flag-fj", 1733},
	{"flag-fk", 1734},
	{"flag-fm", 1735},
	{"flag-fo", 1736},
	{"flag-fr", 1737},
	{"flag-ga", 1738},
	{"flag-gb", 1739},
	{"flag-gd", 1740},
	{"flag-ge", 1741},
	{"flag-gf", 1742},
	{"flag-gg", 1743},
	{"flag-gh", 1744},
	{"flag-gi", 1745},
	{"flag-gl", 1746},
	{"flag-gm", 1747},
	{"flag-gn", 1748},
	{"flag-gp", 1749},
	{"flag-gq", 1750},
	{"flag-gr", 1751},
	{"flag-gs", 1752},
	{"flag-gt", 1753},
	{"flag-gu", 1754},
	{"flag-gw", 1755},
	{"flag-gy", 1756},
	{"flag-hk", 1757},
	{"flag-hm", 1758},
	{"flag-hn", 1759},
	{"flag-hr", 1760},
	{"flag-ht", 1761},
	{"flag-hu", 1762},
	{"flag-ic", 1763},
	{"flag-id", 1764},
	{"flag-ie", 1765},
	{"flag-il", 1766},
	{"flag-im", 1767},
	{"flag-in", 1768},
	{"flag-io", 1769},
	{"flag-iq", 1770},
	{"flag-ir", 1771},
	{"flag-is", 1772},
	{"flag-it", 1773},
	{"flag-je", 1774},
	{"flag-jm", 1775},
	{"flag-jo", 1776},
	{"flag-jp", 1777},
	{"flag-ke", 1778},
	{"flag-kg", 1779},
	{"flag-kh", 1780},
	{"flag-ki", 1781},
	{"flag-km", 1782},
	{"flag-kn", 1783},
	{"flag-kp", 1784},
	{"flag-kr", 1785},
	{"flag-kw", 1786},
	{"flag-ky", 1787},
	{"flag-kz", 1788},
	{"flag-la", 1789},
	{"flag-lb", 1790},
	{"flag-lc", 1791},
	{"flag-li", 1792},
	{"flag-lk", 1793},
	{"flag-lr", 1794},
	{"flag-ls", 1795},
	{"flag-lt", 1796},
	{"flag-lu", 1797},
	{"flag-lv", 1798},
	{"flag-ly", 1799},
	{"flag-ma", 1800},
	{"flag-mc", 1801},
	{"flag-md", 1802},
	{"flag-me", 1803},
	{"flag-mf", 1804},
	{"flag-mg", 1805},
	{"flag-mh", 1806},
	{"flag-mk", 1807},
	{"flag-ml", 1808},
	{"flag-mm", 1809},
	{"flag-mn", 1810},
	{"flag-mo", 1811},
	{"flag-mp", 1812},
	{"flag-mq", 1813},
	{"flag-mr", 1814},
	{"flag-ms", 1815},
	{"flag-mt", 1816},
	{"flag-mu", 1817},
	{"flag-mv", 1818},
	{"flag-mw", 1819},
	{"flag-mx", 1820},
	{"flag-my", 1821},
	{"flag-mz", 1822},
	{"flag-na", 1823},
	{"flag-nc", 1824},
	{"flag-ne", 1825},
	{"flag-nf", 1826},
	{"flag-ng", 1827},
	{"flag-ni", 1828},
	{"flag-nl", 1829},
	{"flag-no", 1830},
	{"flag-np", 1831},
	{"flag-nr", 1832},
	{"flag-nu", 1833},
	{"flag-nz", 1834},
	{"flag-om", 1835},
	{"flag-pa", 1836},
	{"flag-pe", 1837},
	{"flag-pf", 1838},
	{"flag-pg", 1839},
	{"flag-ph", 1840},
	{"flag-pk", 1841},
	{"flag-pl", 1842},
	{"flag-pm", 1843},
	{"flag-pn", 1844},
	{"flag-pr", 1845},
	{"flag-ps", 1846},
	{"flag-pt", 1847},
	{"flag-pw", 1848},
	{"flag-py", 1849},
	{"flag-qa", 1850},
	{"flag-re", 1851},
	{"flag-ro", 1852},
	{"flag-rs", 1853},
	{"flag-ru", 1854},
	{"flag-rw", 1855},
	{"flag-sa", 1856},
	{"flag-sark", 1708},
	{"flag-sb", 1857},
	{"flag-sc", 1858},
	{"flag-scotland", 1917},
	{"flag-sd", 1859},
	{"flag-se", 1860},
	{"flag-sg", 1861},
	{"flag-sh", 1862},
	{"flag-si", 1863},
	{"flag-sj", 1864},
	{"flag-sk", 1865},
	{"flag-sl", 1866},
	{"flag-sm", 1867},
	{"flag-sn", 1868},
	{"flag-so", 1869},
	{"flag-sr", 1870},
	{"flag-ss", 1871},
	{"flag-st", 1872},
	{"flag-sv", 1873},
	{"flag-sx", 1874},
	{"flag-sy", 1875},
	{"flag-sz", 1876},
	{"flag-ta", 1877},
	{"flag-tc", 1878},
	{"flag-td", 1879},
	{"flag-tf", 1880},
	{"flag-tg", 1881},
	{"flag-th", 1882},
	{"flag-tj", 1883},
	{"flag-tk", 1884},
	{"flag-tl", 1885},
	{"flag-tm", 1886},
	{"flag-tn", 1887},
	{"flag-to", 1888},
	{"flag-tr", 1889},
	{"flag-tt", 1890},
	{"flag-tv", 1891},
	{"flag-tw", 1892},
	{"flag-tz", 1893},
	{"flag-ua", 1894},
	{"flag-ug", 1895},
	{"flag-um", 1896},
	{"flag-un", 1897},
	{"flag-us", 1898},
	{"flag-uy", 1899},
	{"flag-uz", 1900},
	{"flag-va", 1901},
	{"flag-vc", 1902},
	{"flag-ve", 1903},
	{"flag-vg", 1904},
	{"flag-vi", 1905},
	{"flag-vn", 1906},
	{"flag-vu", 1907},
	{"flag-wales", 1918},
	{"flag-wf", 1908},
	{"flag-ws", 1909},
	{"flag-xk", 1910},
	{"flag-ye", 1911},
	{"flag-yt", 1912},
	{"flag-za", 1913},
	{"flag-zm", 1914},
	{"flag-zw", 1915},
	{"flags", 1086},
	{"flamingo", 645},
	{"flashlight", 1270},
	{"flatbread", 766},
	{"fleur_de_lis", 1543},
	{"flipper", 663},
	{"floppy_disk", 1253},
	{"flower_playing_cards", 1151},
	{"flushed", 84},
	{"flute", 1235},
	{"fly", 692},
	{"flying_disc", 1109},
	{"flying_saucer", 993},
	{"fog", 1058},
	{"foggy", 907},
	{"folding_hand_fan", 1179},
	{"fondue", 790},
	{"foot", 218},
	{"football", 1106},
	{"footprints", 557},
	{"fork_and_knife", 850},
	{"fortune_cookie", 812},
	{"fountain", 905},
	{"four", 1569},
	{"four_leaf_clover", 716},
	{"fox_face", 574},
	{"fr", 1737},
	{"frame_with_picture", 1153},
	{"free", 1586},
	{"fried_egg", 787},
	{"fried_shrimp", 807},
	{"fries", 777},
	{"frog", 652},
	{"frowning", 88},
	{"fuelpump", 965},
	{"full_moon", 1031},
	{"full_moon_with_face", 1041},
	{"funeral_urn", 1419},
	{"game_die", 1138},
	{"garlic", 754},
	{"gb", 1739},
	{"gear", 1365},
	{"gem", 1205},
	{"gemini", 1487},
	{"genie", 397},
	{"ghost", 115},
	{"gift", 1091},
	{"gift_heart", 133},
	{"ginger_root", 759},
	{"giraffe_face", 605},
	{"girl", 235},
	{"glass_of_milk", 829},
	{"globe_with_meridians", 858},
	{"gloves", 1168},
	{"goal_net", 1119},
	{"goat", 601},
	{"goggles", 1161},
	{"golf", 1120},
	{"golfer", 467},
	{"goose", 650},
	{"gorilla", 566},
	{"grapes", 724},
	{"green_apple", 734},
	{"green_book", 1276},
	{"green_heart", 148},
	{"green_salad", 792},
	{"grey_exclamation", 1536},
	{"grey_heart", 154},
	{"grey_question", 1535},
	{"grimacing", 46},
	{"grin", 3},
	{"grinning", 0},
	{"grinning_face_with_one_large_and_one_small_eye", 26},
	{"grinning_face_with_star_eyes", 16},
	{"guardsman", 344},
	{"guide_dog", 570},
	{"guitar", 1228},
	{"gun", 1131},
	{"hair_pick", 1194},
	{"haircut", 408},
	{"hairy_creature", 404},
	{"hamburger", 776},
	{"hammer", 1350},
	{"hammer_and_pick", 1353},
	{"hammer_and_wrench", 1354},
	{"hamsa", 1421},
	{"hamster", 613},
	{"hand", 174},
	{"hand_with_index_and_middle_fingers_crossed", 186},
	{"hand_with_index_finger_and_thumb_crossed", 187},
	{"handbag", 1181},
	{"handball", 500},
	{"handshake", 209},
	{"hankey", 111},
	{"harp", 1236},
	{"hash", 1563},
	{"hatched_chick", 635},
	{"hatching_chick", 633},
	{"head_shaking_horizontally", 50},
	{"head_shaking_vertically", 51},
	{"headphones", 1222},
	{"headstone", 1418},
	{"health_worker", 290},
	{"hear_no_evil", 129},
	{"heart", 144},
	{"heart_decoration", 139},
	{"heart_eyes", 15},
	{"heart_eyes_cat", 122},
	{"heart_hands", 206},
	{"heart_on_fire", 142},
	{"heartbeat", 136},
	{"heartpulse", 135},
	{"hearts", 1145},
	{"heavy_check_mark", 1550},
	{"heavy_division_sign", 1529},
	{"heavy_dollar_sign", 1540},
	{"heavy_equals_sign", 1530},
	{"heavy_exclamation_mark", 1537},
	{"heavy_heart_exclamation_mark_ornament", 140},
	{"heavy_minus_sign", 1528},
	{"heavy_multiplication_x", 1526},
	{"heavy_plus_sign", 1527},
	{"hedgehog", 618},
	{"helicopter", 987},
	{"helmet_with_white_cross", 1201},
	{"herb", 714},
	{"hibiscus", 702},
	{"high_brightness", 1518},
	{"high_heel", 1190},
	{"hiking_boot", 1188},
	{"hindu_temple", 901},
	{"hippopotamus", 609},
	{"hocho", 852},
	{"hole", 164},
	{"honey_pot", 827},
	{"honeybee", 683},
	{"hook", 1372},
	{"horse", 583},
	{"horse_racing", 464},
	{"hospital", 886},
	{"hot_face", 64},
	{"hot_pepper", 749},
	{"hotdog", 779},
	{"hotel", 888},
	{"hotsprings", 915},
	{"hourglass", 996},
	{"hourglass_flowing_sand", 997},
	{"house", 881},
	{"house_buildings", 879},
	{"house_with_garden", 882},
	{"hugging_face", 29},
	{"hushed", 82},
	{"hut", 878},
	{"hyacinth", 706},
	{"i_love_you_hand_sign", 188},
	{"ice_cream", 816},
	{"ice_cube", 847},
	{"ice_hockey_stick_and_puck", 1113},
	{"ice_skate", 1121},
	{"icecream", 814},
	{"id", 1588},
	{"identification_card", 1424},
	{"ideograph_advantage", 1603},
	{"imp", 108},
	{"inbox_tray", 1306},
	{"incoming_envelope", 1303},
	{"index_pointing_at_the_viewer", 197},
	{"infinity", 1531},
	{"information_desk_person", 272},
	{"information_source", 1587},
	{"innocent", 13},
	{"interrobang", 1533},
	{"iphone", 1237},
	{"it", 1773},
	{"izakaya_lantern", 1271},
	{"jack_o_lantern", 1074},
	{"japan", 860},
	{"japanese_castle", 894},
	{"japanese_goblin", 114},
	{"japanese_ogre", 113},
	{"jar", 853},
	{"jeans", 1166},
	{"jellyfish", 673},
	{"jigsaw", 1139},
	{"joy", 7},
	{"joy_cat", 121},
	{"joystick", 1136},
	{"jp", 1777},
	{"judge", 299},
	{"juggling", 503},
	{"kaaba", 904},
	{"kangaroo", 627},
	{"key", 1348},
	{"keyboard", 1249},
	{"keycap_star", 1564},
	{"keycap_ten", 1575},
	{"khanda", 1484},
	{"kimono", 1172},
	{"kiss", 156},
	{"kissing", 18},
	{"kissing_cat", 124},
	{"kissing_closed_eyes", 20},
	{"kissing_heart", 17},
	{"kissing_smiling_eyes", 21},
	{"kite", 1130},
	{"kiwifruit", 740},
	{"kneeling_person", 420},
	{"knife", 852},
	{"knife_fork_plate", 849},
	{"knot", 1158},
	{"koala", 622},
	{"koko", 1598},
	{"kr", 1785},
	{"lab_coat", 1162},
	{"label", 1289},
	{"lacrosse", 1114},
	{"ladder", 1375},
	{"lady_beetle", 685},
	{"ladybug", 685},
	{"landslide", 864},
	{"lantern", 1271},
	{"large_blue_circle", 1619},
	{"large_blue_diamond", 1640},
	{"large_blue_square", 1628},
	{"large_brown_circle", 1621},
	{"large_brown_square", 1630},
	{"large_green_circle", 1618},
	{"large_green_square", 1627},
	{"large_orange_circle", 1616},
	{"large_orange_diamond", 1639},
	{"large_orange_square", 1625},
	{"large_purple_circle", 1620},
	{"large_purple_square", 1629},
	{"large_red_square", 1624},
	{"large_yellow_circle", 1617},
	{"large_yellow_square", 1626},
	{"last_quarter_moon", 1033},
	{"last_quarter_moon_with_face", 1038},
	{"latin_cross", 1478},
	{"laughing", 4},
	{"leafless_tree", 723},
	{"leafy_green", 752},
	{"leaves", 719},
	{"ledger", 1281},
	{"left-facing_fist", 202},
	{"left_luggage", 1437},
	{"left_right_arrow", 1460},
	{"left_speech_bubble", 167},
	{"leftwards_arrow_with_hook", 1461},
	{"leftwards_hand", 177},
	{"leftwards_pushing_hand", 180},
	{"leg", 217},
	{"lemon", 728},
	{"leo", 1489},
	{"leopard", 582},
	{"level_slider", 1219},
	{"libra", 1491},
	{"light_blue_heart", 150},
	{"light_rail", 928},
	{"lightning", 1056},
	{"lightning_cloud", 1056},
	{"lime", 729},
	{"link", 1369},
	{"linked_paperclips", 1337},
	{"lion_face", 579},
	{"lips", 230},
	{"lipstick", 1203},
	{"lizard", 655},
	{"llama", 604},
	{"lobster", 675},
	{"lock", 1344},
	{"lock_with_ink_pen", 1346},
	{"lollipop", 825},
	{"long_drum", 1233},
	{"loop", 1554},
	{"lotion_bottle", 1404},
	{"lotus", 698},
	{"loud_sound", 1209},
	{"loudspeaker", 1210},
	{"love_hotel", 889},
	{"love_letter", 131},
	{"low_battery", 1244},
	{"low_brightness", 1517},
	{"lower_left_ballpoint_pen", 1317},
	{"lower_left_crayon", 1319},
	{"lower_left_fountain_pen", 1316},
	{"lower_left_paintbrush", 1318},
	{"luggage", 995},
	{"lungs", 224},
	{"lying_face", 48},
	{"m", 1589},
	{"mag", 1266},
	{"mag_right", 1267},
	{"mage", 382},
	{"magic_wand", 1134},
	{"magnet", 1374},
	{"mahjong", 1150},
	{"mailbox", 1308},
	{"mailbox_closed", 1309},
	{"mailbox_with_mail", 1310},
	{"mailbox_with_no_mail", 1311},
	{"male-artist", 327},
	{"male-astronaut", 333},
	{"male-construction-worker", 349},
	{"male-cook", 306},
	{"male-detective", 342},
	{"male-doctor", 291},
	{"male-factory-worker", 312},
	{"male-farmer", 303},
	{"male-firefighter", 336},
	{"male-guard", 345},
	{"male-judge", 300},
	{"male-mechanic", 309},
	{"male-office-worker", 315},
	{"male-pilot", 330},
	{"male-police-officer", 339},
	{"male-scientist", 318},
	{"male-singer", 324},
	{"male-student", 294},
	{"male-teacher", 297},
	{"male-technologist", 321},
	{"male_elf", 395},
	{"male_fairy", 386},
	{"male_genie", 398},
	{"male_mage", 383},
	{"male_sign", 1524},
	{"male_superhero", 377},
	{"male_supervillain", 380},
	{"male_vampire", 389},
	{"male_zombie", 401},
	{"mammoth", 607},
	{"man", 238},
	{"man-biking", 486},
	{"man-bouncing-ball", 480},
	{"man-bowing", 282},
	{"man-boy", 538},
	{"man-boy-boy", 539},
	{"man-cartwheeling", 492},
	{"man-facepalming", 285},
	{"man-frowning", 261},
	{"man-gesturing-no", 267},
	{"man-gesturing-ok", 270},
	{"man-getting-haircut", 409},
	{"man-getting-massage", 406},
	{"man-girl", 540},
	{"man-girl-boy", 541},
	{"man-girl-girl", 542},
	{"man-golfing", 468},
	{"man-heart-man", 521},
	{"man-juggling", 504},
	{"man-kiss-man", 517},
	{"man-lifting-weights", 483},
	{"man-man-boy", 528},
	{"man-man-boy-boy", 531},
	{"man-man-girl", 529},
	{"man-man-girl-boy", 530},
	{"man-man-girl-girl", 532},
	{"man-mountain-biking", 489},
	{"man-playing-handball", 501},
	{"man-playing-water-polo", 498},
	{"man-pouting", 264},
	{"man-raising-hand", 276},
	{"man-rowing-boat", 474},
	{"man-running", 445},
	{"man-shrugging", 288},
	{"man-surfing", 471},
	{"man-swimming", 477},
	{"man-tipping-hand", 273},
	{"man-walking", 412},
	{"man-wearing-turban", 355},
	{"man-with-bunny-ears-partying", 455},
	{"man-woman-boy", 523},
	{"man-woman-boy-boy", 526},
	{"man-woman-girl", 524},
	{"man-woman-girl-boy", 525},
	{"man-woman-girl-girl", 527},
	{"man-wrestling", 495},
	{"man_and_woman_holding_hands", 513},
	{"man_climbing", 461},
	{"man_dancing", 452},
	{"man_feeding_baby", 370},
	{"man_in_business_suit_levitating", 453},
	{"man_in_lotus_position", 507},
	{"man_in_manual_wheelchair", 440},
	{"man_in_manual_wheelchair_facing_right", 441},
	{"man_in_motorized_wheelchair", 434},
	{"man_in_motorized_wheelchair_facing_right", 435},
	{"man_in_steamy_room", 458},
	{"man_in_tuxedo", 360},
	{"man_kneeling", 421},
	{"man_kneeling_facing_right", 425},
	{"man_running_facing_right", 449},
	{"man_standing", 418},
	{"man_walking_facing_right", 416},
	{"man_with_beard", 240},
	{"man_with_gua_pi_mao", 357},
	{"man_with_probing_cane", 428},
	{"man_with_turban", 354},
	{"man_with_veil", 363},
	{"man_with_white_cane_facing_right", 429},
	{"mango", 732},
	{"mans_shoe", 1186},
	{"mantelpiece_clock", 1002},
	{"manual_wheelchair", 954},
	{"maple_leaf", 717},
	{"maracas", 1234},
	{"martial_arts_uniform", 1118},
	{"mask", 58},
	{"massage", 405},
	{"mate_drink", 846},
	{"meat_on_bone", 772},
	{"mechanic", 308},
	{"mechanical_arm", 215},
	{"mechanical_leg", 216},
	{"medal", 1095},
	{"medical_symbol", 1541},
	{"mega", 1211},
	{"melon", 725},
	{"melting_face", 10},
	{"memo", 1320},
	{"men-with-bunny-ears-partying", 455},
	{"men_holding_hands", 514},
	{"mending_heart", 143},
	{"menorah_with_nine_branches", 1482},
	{"mens", 1429},
	{"mermaid", 393},
	{"merman", 392},
	{"merperson", 391},
	{"metro", 927},
	{"microbe", 694},
	{"microphone", 1221},
	{"microscope", 1381},
	{"middle_finger", 194},
	{"military_helmet", 1200},
	{"milky_way", 1047},
	{"minibus", 937},
	{"minidisc", 1252},
	{"mirror", 1393},
	{"mirror_ball", 1142},
	{"mobile_phone_off", 1522},
	{"money_mouth_face", 28},
	{"money_with_wings", 1297},
	{"moneybag", 1291},
	{"monkey", 565},
	{"monkey_face", 564},
	{"monorail", 931},
	{"moon", 1030},
	{"moon_cake", 809},
	{"moose", 584},
	{"mortar_board", 1198},
	{"mosque", 900},
	{"mosquito", 691},
	{"mostly_sunny", 1051},
	{"mother_christmas", 374},
	{"motor_boat", 979},
	{"motor_scooter", 953},
	{"motorized_wheelchair", 955},
	{"motorway", 962},
	{"mount_fuji", 866},
	{"mountain", 863},
	{"mountain_bicyclist", 488},
	{"mountain_cableway", 989},
	{"mountain_railway", 932},
	{"mouse", 610},
	{"mouse2", 611},
	{"mouse_trap", 1402},
	{"movie_camera", 1257},
	{"moyai", 1422},
	{"mrs_claus", 374},
	{"muscle", 214},
	{"mushroom", 722},
	{"musical_keyboard", 1229},
	{"musical_note", 1216},
	{"musical_score", 1215},
	{"mute", 1206},
	{"mx_claus", 375},
	{"nail_care", 212},
	{"name_badge", 1545},
	{"national_park", 871},
	{"nauseated_face", 61},
	{"nazar_amulet", 1420},
	{"necktie", 1164},
	{"negative_squared_cross_mark", 1552},
	{"nerd_face", 74},
	{"nest_with_eggs", 721},
	{"nesting_dolls", 1143},
	{"neutral_face", 38},
	{"new", 1590},
	{"new_moon", 1027},
	{"new_moon_with_face", 1036},
	{"newspaper", 1285},
	{"ng", 1591},
	{"night_with_stars", 908},
	{"nine", 1574},
	{"ninja", 347},
	{"no_bell", 1214},
	{"no_bicycles", 1442},
	{"no_entry", 1440},
	{"no_entry_sign", 1441},
	{"no_good", 266},
	{"no_mobile_phones", 1447},
	{"no_mouth", 40},
	{"no_pedestrians", 1446},
	{"no_smoking", 1443},
	{"non-potable_water", 1445},
	{"nose", 221},
	{"notebook", 1280},
	{"notebook_with_decorative_cover", 1273},
	{"notes", 1217},
	{"nut_and_bolt", 1364},
	{"o", 1547},
	{"o2", 1592},
	{"ocean", 1073},
	{"octagonal_sign", 970},
	{"octopus", 670},
	{"oden", 805},
	{"office", 883},
	{"office_worker", 314},
	{"oil_drum", 964},
	{"ok", 1593},
	{"ok_hand", 182},
	{"ok_woman", 269},
	{"old_key", 1349},
	{"older_adult", 257},
	{"older_man", 258},
	{"older_woman", 259},
	{"olive", 742},
	{"om_symbol", 1474},
	{"on", 1469},
	{"oncoming_automobile", 945},
	{"oncoming_bus", 935},
	{"oncoming_police_car", 941},
	{"oncoming_taxi", 943},
	{"one", 1566},
	{"one-piece_swimsuit", 1174},
	{"onion", 755},
	{"open_book", 1275},
	{"open_file_folder", 1323},
	{"open_hands", 207},
	{"open_mouth", 81},
	{"ophiuchus", 1497},
	{"orange_book", 1278},
	{"orange_heart", 146},
	{"orangutan", 567},
	{"orca", 664},
	{"orthodox_cross", 1479},
	{"otter", 625},
	{"outbox_tray", 1305},
	{"owl", 642},
	{"ox", 592},
	{"oyster", 678},
	{"package", 1307},
	{"page_facing_up", 1284},
	{"page_with_curl", 1282},
	{"pager", 1241},
	{"palm_down_hand", 178},
	{"palm_tree", 711},
	{"palm_up_hand", 179},
	{"palms_up_together", 208},
	{"pancakes", 769},
	{"panda_face", 623},
	{"paperclip", 1336},
	{"parachute", 985},
	{"parking", 1594},
	{"parrot", 647},
	{"part_alternation_mark", 1555},
	{"partly_sunny", 1049},
	{"partly_sunny_rain", 1053},
	{"partying_face", 71},
	{"passenger_ship", 977},
	{"passport_control", 1434},
	{"paw_prints", 629},
	{"pea_pod", 760},
	{"peace_symbol", 1481},
	{"peach", 736},
	{"peacock", 646},
	{"peanuts", 756},
	{"pear", 735},
	{"pencil", 1320},
	{"pencil2", 1314},
	{"penguin", 637},
	{"pensive", 53},
	{"people_holding_hands", 511},
	{"people_hugging", 551},
	{"performing_arts", 1152},
	{"persevere", 97},
	{"person_climbing", 460},
	{"person_doing_cartwheel", 491},
	{"person_feeding_baby", 371},
	{"person_frowning", 260},
	{"person_in_lotus_position", 506},
	{"person_in_manual_wheelchair", 438},
	{"person_in_manual_wheelchair_facing_right", 439},
	{"person_in_motorized_wheelchair", 432},
	{"person_in_motorized_wheelchair_facing_right", 433},
	{"person_in_steamy_room", 457},
	{"person_in_tuxedo", 359},
	{"person_kneeling_facing_right", 423},
	{"person_running_facing_right", 447},
	{"person_walking_facing_right", 414},
	{"person_with_ball", 479},
	{"person_with_blond_hair", 237},
	{"person_with_crown", 351},
	{"person_with_headscarf", 358},
	{"person_with_pouting_face", 263},
	{"person_with_probing_cane", 426},
	{"person_with_white_cane_facing_right", 427},
	{"petri_dish", 1379},
	{"phoenix", 651},
	{"phone", 1239},
	{"pick", 1352},
	{"pickup_truck", 947},
	{"pie", 822},
	{"pig", 595},
	{"pig2", 596},
	{"pig_nose", 598},
	{"pill", 1386},
	{"pilot", 329},
	{"pinata", 1141},
	{"pinched_fingers", 183},
	{"pinching_hand", 184},
	{"pineapple", 731},
	{"pink_heart", 145},
	{"pirate_flag", 1656},
	{"pisces", 1496},
	{"pizza", 778},
	{"placard", 1423},
	{"place_of_worship", 1472},
	{"playground_slide", 917},
	{"pleading_face", 86},
	{"plunger", 1399},
	{"point_down", 195},
	{"point_left", 191},
	{"point_right", 192},
	{"point_up", 196},
	{"point_up_2", 193},
	{"polar_bear", 621},
	{"police_car", 940},
	{"poodle", 572},
	{"poop", 111},
	{"popcorn", 793},
	{"post_office", 884},
	{"postal_horn", 1212},
	{"postbox", 1312},
	{"potable_water", 1427},
	{"potato", 746},
	{"potted_plant", 708},
	{"pouch", 1182},
	{"poultry_leg", 773},
	{"pound", 1296},
	{"pouring_liquid", 842},
	{"pouting_cat", 127},
	{"pray", 210},
	{"prayer_beads", 1202},
	{"pregnant_man", 366},
	{"pregnant_person", 367},
	{"pregnant_woman", 365},
	{"pretzel", 767},
	{"prince", 352},
	{"princess", 353},
	{"printer", 1248},
	{"probing_cane", 1368},
	{"punch", 201},
	{"purple_heart", 151},
	{"purse", 1180},
	{"pushpin", 1334},
	{"put_litter_in_its_place", 1426},
	{"question", 1534},
	{"rabbit", 614},
	{"rabbit2", 615},
	{"raccoon", 575},
	{"racehorse", 586},
	{"racing_car", 951},
	{"racing_motorcycle", 952},
	{"radio", 1223},
	{"radio_button", 1646},
	{"radioactive_sign", 1449},
	{"rage", 104},
	{"railway_car", 923},
	{"railway_track", 963},
	{"rain_cloud", 1054},
	{"rainbow", 1061},
	{"rainbow-flag", 1654},
	{"raised_back_of_hand", 172},
	{"raised_hand", 174},
	{"raised_hand_with_fingers_splayed", 173},
	{"raised_hands", 205},
	{"raising_hand", 275},
	{"ram", 599},
	{"ramen", 802},
	{"rat", 612},
	{"razor", 1403},
	{"receipt", 1299},
	{"recycle", 1542},
	{"red_car", 944},
	{"red_circle", 1615},
	{"red_envelope", 1089},
	{"red_haired_man", 242},
	{"red_haired_person", 248},
	{"red_haired_woman", 247},
	{"registered", 1560},
	{"relaxed", 19},
	{"relieved", 52},
	{"reminder_ribbon", 1092},
	{"repeat", 1499},
	{"repeat_one", 1500},
	{"restroom", 1431},
	{"reversed_hand_with_middle_finger_extended", 194},
	{"revolving_hearts", 137},
	{"rewind", 1506},
	{"rhinoceros", 608},
	{"ribbon", 1090},
	{"rice", 800},
	{"rice_ball", 799},
	{"rice_cracker", 798},
	{"rice_scene", 1088},
	{"right-facing_fist", 203},
	{"right_anger_bubble", 168},
	{"rightwards_hand", 176},
	{"rightwards_pushing_hand", 181},
	{"ring", 1204},
	{"ring_buoy", 973},
	{"ringed_planet", 1043},
	{"robot_face", 118},
	{"rock", 876},
	{"rocket", 992},
	{"roll_of_paper", 1408},
	{"rolled_up_newspaper", 1286},
	{"roller_coaster", 919},
	{"roller_skate", 960},
	{"rolling_on_the_floor_laughing", 6},
	{"rooster", 632},
	{"root_vegetable", 762},
	{"rose", 700},
	{"rosette", 699},
	{"rotating_light", 967},
	{"round_pushpin", 1335},
	{"rowboat", 473},
	{"ru", 1854},
	{"rugby_football", 1107},
	{"runner", 444},
	{"running", 444},
	{"running_shirt_with_sash", 1124},
	{"sa", 1599},
	{"safety_pin", 1405},
	{"safety_vest", 1163},
	{"sagittarius", 1493},
	{"sailboat", 974},
	{"sake", 833},
	{"salt", 795},
	{"saluting_face", 35},
	{"sandal", 1191},
	{"sandwich", 780},
	{"santa", 373},
	{"sari", 1173},
	{"satellite", 991},
	{"satellite_antenna", 1383},
	{"satisfied", 4},
	{"sauropod", 659},
	{"saxophone", 1224},
	{"scales", 1367},
	{"scarf", 1167},
	{"school", 891},
	{"school_satchel", 1184},
	{"scientist", 317},
	{"scissors", 1340},
	{"scooter", 958},
	{"scorpion", 690},
	{"scorpius", 1492},
	{"scream", 95},
	{"scream_cat", 125},
	{"screwdriver", 1363},
	{"scroll", 1283},
	{"seal", 665},
	{"seat", 986},
	{"second_place_medal", 1099},
	{"secret", 1612},
	{"see_no_evil", 128},
	{"seedling", 707},
	{"selfie", 213},
	{"serious_face_with_symbols_covering_mouth", 106},
	{"service_dog", 571},
	{"seven", 1572},
	{"sewing_needle", 1156},
	{"shaking_face", 49},
	{"shallow_pan_of_food", 788},
	{"shamrock", 715},
	{"shark", 669},
	{"shaved_ice", 815},
	{"sheep", 600},
	{"shell", 671},
	{"shield", 1360},
	{"shinto_shrine", 903},
	{"ship", 980},
	{"shirt", 1165},
	{"shit", 111},
	{"shocked_face_with_exploding_head", 69},
	{"shoe", 1186},
	{"shopping_bags", 1183},
	{"shopping_trolley", 1415},
	{"shorts", 1176},
	{"shovel", 1376},
	{"shower", 1400},
	{"shrimp", 676},
	{"shrug", 287},
	{"shushing_face", 33},
	{"sign_of_the_horns", 189},
	{"signal_strength", 1519},
	{"singer", 323},
	{"six", 1571},
	{"six_pointed_star", 1483},
	{"skateboard", 959},
	{"ski", 1125},
	{"skier", 465},
	{"skin-tone-2", 559},
	{"skin-tone-3", 560},
	{"skin-tone-4", 561},
	{"skin-tone-5", 562},
	{"skin-tone-6", 563},
	{"skull", 109},
	{"skull_and_crossbones", 110},
	{"skunk", 626},
	{"sled", 1126},
	{"sleeping", 56},
	{"sleeping_accommodation", 510},
	{"sleepy", 54},
	{"sleuth_or_spy", 341},
	{"slightly_frowning_face", 79},
	{"slightly_smiling_face", 8},
	{"slot_machine", 1137},
	{"sloth", 624},
	{"small_airplane", 982},
	{"small_blue_diamond", 1642},
	{"small_orange_diamond", 1641},
	{"small_red_triangle", 1643},
	{"small_red_triangle_down", 1644},
	{"smile", 2},
	{"smile_cat", 120},
	{"smiley", 1},
	{"smiley_cat", 119},
	{"smiling_face_with_3_hearts", 14},
	{"smiling_face_with_smiling_eyes_and_hand_covering_mouth", 30},
	{"smiling_face_with_tear", 22},
	{"smiling_imp", 107},
	{"smirk", 43},
	{"smirk_cat", 123},
	{"smoking", 1416},
	{"snail", 679},
	{"snake", 656},
	{"sneezing_face", 63},
	{"snow_capped_mountain", 862},
	{"snow_cloud", 1055},
	{"snowboarder", 466},
	{"snowflake", 1067},
	{"snowman", 1068},
	{"snowman_without_snow", 1069},
	{"soap", 1410},
	{"sob", 94},
	{"soccer", 1101},
	{"socks", 1170},
	{"softball", 1103},
	{"soon", 1470},
	{"sos", 1595},
	{"sound", 1208},
	{"space_invader", 117},
	{"spades", 1144},
	{"spaghetti", 803},
	{"sparkle", 1558},
	{"sparkler", 1077},
	{"sparkles", 1079},
	{"sparkling_heart", 134},
	{"speak_no_evil", 130},
	{"speaker", 1207},
	{"speaking_head_in_silhouette", 548},
	{"speech_balloon", 165},
	{"speedboat", 976},
	{"spider", 688},
	{"spider_web", 689},
	{"spiral_calendar_pad", 1328},
	{"spiral_note_pad", 1327},
	{"splatter", 1562},
	{"spock-hand", 175},
	{"sponge", 1413},
	{"spoon", 851},
	{"sports_medal", 1097},
	{"squid", 677},
	{"stadium", 872},
	{"staff_of_aesculapius", 1541},
	{"standing_person", 417},
	{"star", 1044},
	{"star-struck", 16},
	{"star2", 1045},
	{"star_and_crescent", 1480},
	{"star_of_david", 1475},
	{"stars", 1046},
	{"station", 929},
	{"statue_of_liberty", 898},
	{"steam_locomotive", 922},
	{"stethoscope", 1389},
	{"stew", 789},
	{"stopwatch", 1000},
	{"straight_ruler", 1338},
	{"strawberry", 738},
	{"stuck_out_tongue", 24},
	{"stuck_out_tongue_closed_eyes", 27},
	{"stuck_out_tongue_winking_eye", 25},
	{"student", 293},
	{"studio_microphone", 1218},
	{"stuffed_flatbread", 784},
	{"sun_behind_cloud", 1052},
	{"sun_behind_rain_cloud", 1053},
	{"sun_small_cloud", 1051},
	{"sun_with_face", 1042},
	{"sunflower", 703},
	{"sunglasses", 73},
	{"sunny", 1040},
	{"sunrise", 911},
	{"sunrise_over_mountains", 910},
	{"superhero", 376},
	{"supervillain", 379},
	{"surfer", 470},
	{"sushi", 806},
	{"suspension_railway", 988},
	{"swan", 641},
	{"sweat", 99},
	{"sweat_drops", 162},
	{"sweat_smile", 5},
	{"sweet_potato", 804},
	{"swimmer", 476},
	{"symbols", 1579},
	{"synagogue", 902},
	{"syringe", 1384},
	{"t-rex", 660},
	{"table_tennis_paddle_and_ball", 1115},
	{"taco", 781},
	{"tada", 1081},
	{"takeout_box", 813},
	{"tamale", 783},
	{"tanabata_tree", 1083},
	{"tangerine", 727},
	{"taurus", 1486},
	{"taxi", 942},
	{"tea", 832},
	{"teacher", 296},
	{"teapot", 831},
	{"technologist", 320},
	{"teddy_bear", 1140},
	{"telephone", 1239},
	{"telephone_receiver", 1240},
	{"telescope", 1382},
	{"tennis", 1108},
	{"tent", 906},
	{"test_tube", 1378},
	{"the_horns", 189},
	{"thermometer", 1039},
	{"thinking_face", 34},
	{"third_place_medal", 1100},
	{"thong_sandal", 1185},
	{"thought_balloon", 169},
	{"thread", 1155},
	{"three", 1568},
	{"three_button_mouse", 1250},
	{"thumbsdown", 199},
	{"thumbsup", 198},
	{"thunder_cloud_and_rain", 1050},
	{"ticket", 1094},
	{"tiger", 580},
	{"tiger2", 581},
	{"timer_clock", 1001},
	{"tired_face", 101},
	{"tm", 1561},
	{"toilet", 1398},
	{"tokyo_tower", 897},
	{"tomato", 741},
	{"tongue", 229},
	{"toolbox", 1373},
	{"tooth", 225},
	{"toothbrush", 1412},
	{"top", 1471},
	{"tophat", 1197},
	{"tornado", 1057},
	{"tornado_cloud", 1057},
	{"trackball", 1251},
	{"tractor", 950},
	{"traffic_light", 968},
	{"train", 933},
	{"train2", 926},
	{"tram", 930},
	{"transgender_flag", 1655},
	{"transgender_symbol", 1525},
	{"treasure_chest", 1292},
	{"triangular_flag_on_post", 1650},
	{"triangular_ruler", 1339},
	{"trident", 1544},
	{"triumph", 103},
	{"troll", 403},
	{"trolleybus", 936},
	{"trombone", 1226},
	{"trophy", 1096},
	{"tropical_drink", 837},
	{"tropical_fish", 667},
	{"truck", 948},
	{"trumpet", 1225},
	{"tshirt", 1165},
	{"tulip", 705},
	{"tumbler_glass", 841},
	{"turkey", 630},
	{"turtle", 654},
	{"tv", 1261},
	{"twisted_rightwards_arrows", 1498},
	{"two", 1567},
	{"two_hearts", 138},
	{"two_men_holding_hands", 514},
	{"two_women_holding_hands", 512},
	{"u5272", 1604},
	{"u5408", 1609},
	{"u55b6", 1613},
	{"u6307", 1602},
	{"u6708", 1600},
	{"u6709", 1601},
	{"u6e80", 1614},
	{"u7121", 1605},
	{"u7533", 1608},
	{"u7981", 1606},
	{"u7a7a", 1610},
	{"uk", 1739},
	{"umbrella", 1063},
	{"umbrella_on_ground", 1065},
	{"umbrella_with_rain_drops", 1064},
	{"unamused", 44},
	{"underage", 1448},
	{"unicorn_face", 587},
	{"unlock", 1345},
	{"up", 1596},
	{"upside_down_face", 9},
	{"us", 1898},
	{"v", 185},
	{"vampire", 388},
	{"vertical_traffic_light", 969},
	{"vhs", 1265},
	{"vibration_mode", 1521},
	{"video_camera", 1264},
	{"video_game", 1135},
	{"violin", 1230},
	{"virgo", 1490},
	{"volcano", 865},
	{"volleyball", 1105},
	{"vs", 1597},
	{"waffle", 770},
	{"walking", 411},
	{"waning_crescent_moon", 1034},
	{"waning_gibbous_moon", 1032},
	{"warning", 1438},
	{"wastebasket", 1343},
	{"watch", 998},
	{"water_buffalo", 593},
	{"water_polo", 497},
	{"watermelon", 726},
	{"wave", 171},
	{"waving_black_flag", 1652},
	{"waving_white_flag", 1653},
	{"wavy_dash", 1538},
	{"waxing_crescent_moon", 1028},
	{"waxing_gibbous_moon", 1030},
	{"wc", 1433},
	{"weary", 100},
	{"wedding", 896},
	{"weight_lifter", 482},
	{"whale", 661},
	{"whale2", 662},
	{"wheel", 966},
	{"wheel_of_dharma", 1476},
	{"wheelchair", 1428},
	{"white_check_mark", 1548},
	{"white_circle", 1623},
	{"white_flower", 697},
	{"white_frowning_face", 80},
	{"white_haired_man", 244},
	{"white_haired_person", 252},
	{"white_haired_woman", 251},
	{"white_heart", 155},
	{"white_large_square", 1632},
	{"white_medium_small_square", 1636},
	{"white_medium_square", 1634},
	{"white_small_square", 1638},
	{"white_square_button", 1647},
	{"wilted_flower", 701},
	{"wind_blowing_face", 1059},
	{"wind_chime", 1087},
	{"window", 1394},
	{"wine_glass", 835},
	{"wing", 648},
	{"wink", 11},
	{"wireless", 1520},
	{"wolf", 573},
	{"woman", 246},
	{"woman-biking", 487},
	{"woman-bouncing-ball", 481},
	{"woman-bowing", 283},
	{"woman-boy", 543},
	{"woman-boy-boy", 544},
	{"woman-cartwheeling", 493},
	{"woman-facepalming", 286},
	{"woman-frowning", 262},
	{"woman-gesturing-no", 268},
	{"woman-gesturing-ok", 271},
	{"woman-getting-haircut", 410},
	{"woman-getting-massage", 407},
	{"woman-girl", 545},
	{"woman-girl-boy", 546},
	{"woman-girl-girl", 547},
	{"woman-golfing", 469},
	{"woman-heart-man", 520},
	{"woman-heart-woman", 522},
	{"woman-juggling", 505},
	{"woman-kiss-man", 516},
	{"woman-kiss-woman", 518},
	{"woman-lifting-weights", 484},
	{"woman-mountain-biking", 490},
	{"woman-playing-handball", 502},
	{"woman-playing-water-polo", 499},
	{"woman-pouting", 265},
	{"woman-raising-hand", 277},
	{"woman-rowing-boat", 475},
	{"woman-running", 446},
	{"woman-shrugging", 289},
	{"woman-surfing", 472},
	{"woman-swimming", 478},
	{"woman-tipping-hand", 274},
	{"woman-walking", 413},
	{"woman-wearing-turban", 356},
	{"woman-with-bunny-ears-partying", 456},
	{"woman-woman-boy", 533},
	{"woman-woman-boy-boy", 536},
	{"woman-woman-girl", 534},
	{"woman-woman-girl-boy", 535},
	{"woman-woman-girl-girl", 537},
	{"woman-wrestling", 496},
	{"woman_and_man_holding_hands", 513},
	{"woman_climbing", 462},
	{"woman_feeding_baby", 369},
	{"woman_in_lotus_position", 508},
	{"woman_in_manual_wheelchair", 442},
	{"woman_in_manual_wheelchair_facing_right", 443},
	{"woman_in_motorized_wheelchair", 436},
	{"woman_in_motorized_wheelchair_facing_right", 437},
	{"woman_in_steamy_room", 459},
	{"woman_in_tuxedo", 361},
	{"woman_kneeling", 422},
	{"woman_kneeling_facing_right", 424},
	{"woman_running_facing_right", 448},
	{"woman_standing", 419},
	{"woman_walking_facing_right", 415},
	{"woman_with_beard", 241},
	{"woman_with_probing_cane", 430},
	{"woman_with_veil", 364},
	{"woman_with_white_cane_facing_right", 431},
	{"womans_clothes", 1178},
	{"womans_flat_shoe", 1189},
	{"womans_hat", 1196},
	{"women-with-bunny-ears-partying", 456},
	{"women_holding_hands", 512},
	{"womens", 1430},
	{"wood", 877},
	{"woozy_face", 66},
	{"world_map", 859},
	{"worm", 693},
	{"worried", 78},
	{"wrench", 1362},
	{"wrestlers", 494},
	{"writing_hand", 211},
	{"x", 1551},
	{"x-ray", 1390},
	{"yarn", 1157},
	{"yawning_face", 102},
	{"yellow_heart", 147},
	{"yen", 1293},
	{"yin_yang", 1477},
	{"yo-yo", 1129},
	{"yum", 23},
	{"zany_face", 26},
	{"zap", 1066},
	{"zebra_face", 588},
	{"zero", 1565},
	{"zipper_mouth_face", 36},
	{"zombie", 400},
	{"zzz", 170},
};

static const EmojiToneOverride kToneOverrides[] = {
	{511, {"\xF0\x9F\xA7\x91\xF0\x9F\x8F\xBB\xE2\x80\x8D\xF0\x9F\xA4\x9D\xE2\x80\x8D\xF0\x9F\xA7\x91\xF0\x9F\x8F\xBB", "\xF0\x9F\xA7\x91\xF0\x9F\x8F\xBC\xE2\x80\x8D\xF0\x9F\xA4\x9D\xE2\x80\x8D\xF0\x9F\xA7\x91\xF0\x9F\x8F\xBC", "\xF0\x9F\xA7\x91\xF0\x9F\x8F\xBD\xE2\x80\x8D\xF0\x9F\xA4\x9D\xE2\x80\x8D\xF0\x9F\xA7\x91\xF0\x9F\x8F\xBD", "\xF0\x9F\xA7\x91\xF0\x9F\x8F\xBE\xE2\x80\x8D\xF0\x9F\xA4\x9D\xE2\x80\x8D\xF0\x9F\xA7\x91\xF0\x9F\x8F\xBE", "\xF0\x9F\xA7\x91\xF0\x9F\x8F\xBF\xE2\x80\x8D\xF0\x9F\xA4\x9D\xE2\x80\x8D\xF0\x9F\xA7\x91\xF0\x9F\x8F\xBF"}},
	{516, {"\xF0\x9F\x91\xA9\xF0\x9F\x8F\xBB\xE2\x80\x8D\xE2\x9D\xA4\xEF\xB8\x8F\xE2\x80\x8D\xF0\x9F\x92\x8B\xE2\x80\x8D\xF0\x9F\x91\xA8\xF0\x9F\x8F\xBB", "\xF0\x9F\x91\xA9\xF0\x9F\x8F\xBC\xE2\x80\x8D\xE2\x9D\xA4\xEF\xB8\x8F\xE2\x80\x8D\xF0\x9F\x92\x8B\xE2\x80\x8D\xF0\x9F\x91\xA8\xF0\x9F\x8F\xBC", "\xF0\x9F\x91\xA9\xF0\x9F\x8F\xBD\xE2\x80\x8D\xE2\x9D\xA4\xEF\xB8\x8F\xE2\x80\x8D\xF0\x9F\x92\x8B\xE2\x80\x8D\xF0\x9F\x91\xA8\xF0\x9F\x8F\xBD", "\xF0\x9F\x91\xA9\xF0\x9F\x8F\xBE\xE2\x80\x8D\xE2\x9D\xA4\xEF\xB8\x8F\xE2\x80\x8D\xF0\x9F\x92\x8B\xE2\x80\x8D\xF0\x9F\x91\xA8\xF0\x9F\x8F\xBE", "\xF0\x9F\x91\xA9\xF0\x9F\x8F\xBF\xE2\x80\x8D\xE2\x9D\xA4\xEF\xB8\x8F\xE2\x80\x8D\xF0\x9F\x92\x8B\xE2\x80\x8D\xF0\x9F\x91\xA8\xF0\x9F\x8F\xBF"}},
	{517, {"\xF0\x9F\x91\xA8\xF0\x9F\x8F\xBB\xE2\x80\x8D\xE2\x9D\xA4\xEF\xB8\x8F\xE2\x80\x8D\xF0\x9F\x92\x8B\xE2\x80\x8D\xF0\x9F\x91\xA8\xF0\x9F\x8F\xBB", "\xF0\x9F\x91\xA8\xF0\x9F\x8F\xBC\xE2\x80\x8D\xE2\x9D\xA4\xEF\xB8\x8F\xE2\x80\x8D\xF0\x9F\x92\x8B\xE2\x80\x8D\xF0\x9F\x91\xA8\xF0\x9F\x8F\xBC", "\xF0\x9F\x91\xA8\xF0\x9F\x8F\xBD\xE2\x80\x8D\xE2\x9D\xA4\xEF\xB8\x8F\xE2\x80\x8D\xF0\x9F\x92\x8B\xE2\x80\x8D\xF0\x9F\x91\xA8\xF0\x9F\x8F\xBD", "\xF0\x9F\x91\xA8\xF0\x9F\x8F\xBE\xE2\x80\x8D\xE2\x9D\xA4\xEF\xB8\x8F\xE2\x80\x8D\xF0\x9F\x92\x8B\xE2\x80\x8D\xF0\x9F\x91\xA8\xF0\x9F\x8F\xBE", "\xF0\x9F\x91\xA8\xF0\x9F\x8F\xBF\xE2\x80\x8D\xE2\x9D\xA4\xEF\xB8\x8F\xE2\x80\x8D\xF0\x9F\x92\x8B\xE2\x80\x8D\xF0\x9F\x91\xA8\xF0\x9F\x8F\xBF"}},
	{518, {"\xF0\x9F\x91\xA9\xF0\x9F\x8F\xBB\xE2\x80\x8D\xE2\x9D\xA4\xEF\xB8\x8F\xE2\x80\x8D\xF0\x9F\x92\x8B\xE2\x80\x8D\xF0\x9F\x91\xA9\xF0\x9F\x8F\xBB", "\xF0\x9F\x91\xA9\xF0\x9F\x8F\xBC\xE2\x80\x8D\xE2\x9D\xA4\xEF\xB8\x8F\xE2\x80\x8D\xF0\x9F\x92\x8B\xE2\x80\x8D\xF0\x9F\x91\xA9\xF0\x9F\x8F\xBC", "\xF0\x9F\x91\xA9\xF0\x9F\x8F\xBD\xE2\x80\x8D\xE2\x9D\xA4\xEF\xB8\x8F\xE2\x80\x8D\xF0\x9F\x92\x8B\xE2\x80\x8D\xF0\x9F\x91\xA9\xF0\x9F\x8F\xBD", "\xF0\x9F\x91\xA9\xF0\x9F\x8F\xBE\xE2\x80\x8D\xE2\x9D\xA4\xEF\xB8\x8F\xE2\x80\x8D\xF0\x9F\x92\x8B\xE2\x80\x8D\xF0\x9F\x91\xA9\xF0\x9F\x8F\xBE", "\xF0\x9F\x91\xA9\xF0\x9F\x8F\xBF\xE2\x80\x8D\xE2\x9D\xA4\xEF\xB8\x8F\xE2\x80\x8D\xF0\x9F\x92\x8B\xE2\x80\x8D\xF0\x9F\x91\xA9\xF0\x9F\x8F\xBF"}},
	{520, {"\xF0\x9F\x91\xA9\xF0\x9F\x8F\xBB\xE2\x80\x8D\xE2\x9D\xA4\xEF\xB8\x8F\xE2\x80\x8D\xF0\x9F\x91\xA8\xF0\x9F\x8F\xBB", "\xF0\x9F\x91\xA9\xF0\x9F\x8F\xBC\xE2\x80\x8D\xE2\x9D\xA4\xEF\xB8\x8F\xE2\x80\x8D\xF0\x9F\x91\xA8\xF0\x9F\x8F\xBC", "\xF0\x9F\x91\xA9\xF0\x9F\x8F\xBD\xE2\x80\x8D\xE2\x9D\xA4\xEF\xB8\x8F\xE2\x80\x8D\xF0\x9F\x91\xA8\xF0\x9F\x8F\xBD", "\xF0\x9F\x91\xA9\xF0\x9F\x8F\xBE\xE2\x80\x8D\xE2\x9D\xA4\xEF\xB8\x8F\xE2\x80\x8D\xF0\x9F\x91\xA8\xF0\x9F\x8F\xBE", "\xF0\x9F\x91\xA9\xF0\x9F\x8F\xBF\xE2\x80\x8D\xE2\x9D\xA4\xEF\xB8\x8F\xE2\x80\x8D\xF0\x9F\x91\xA8\xF0\x9F\x8F\xBF"}},
	{521, {"\xF0\x9F\x91\xA8\xF0\x9F\x8F\xBB\xE2\x80\x8D\xE2\x9D\xA4\xEF\xB8\x8F\xE2\x80\x8D\xF0\x9F\x91\xA8\xF0\x9F\x8F\xBB", "\xF0\x9F\x91\xA8\xF0\x9F\x8F\xBC\xE2\x80\x8D\xE2\x9D\xA4\xEF\xB8\x8F\xE2\x80\x8D\xF0\x9F\x91\xA8\xF0\x9F\x8F\xBC", "\xF0\x9F\x91\xA8\xF0\x9F\x8F\xBD\xE2\x80\x8D\xE2\x9D\xA4\xEF\xB8\x8F\xE2\x80\x8D\xF0\x9F\x91\xA8\xF0\x9F\x8F\xBD", "\xF0\x9F\x91\xA8\xF0\x9F\x8F\xBE\xE2\x80\x8D\xE2\x9D\xA4\xEF\xB8\x8F\xE2\x80\x8D\xF0\x9F\x91\xA8\xF0\x9F\x8F\xBE", "\xF0\x9F\x91\xA8\xF0\x9F\x8F\xBF\xE2\x80\x8D\xE2\x9D\xA4\xEF\xB8\x8F\xE2\x80\x8D\xF0\x9F\x91\xA8\xF0\x9F\x8F\xBF"}},
	{522, {"\xF0\x9F\x91\xA9\xF0\x9F\x8F\xBB\xE2\x80\x8D\xE2\x9D\xA4\xEF\xB8\x8F\xE2\x80\x8D\xF0\x9F\x91\xA9\xF0\x9F\x8F\xBB", "\xF0\x9F\x91\xA9\xF0\x9F\x8F\xBC\xE2\x80\x8D\xE2\x9D\xA4\xEF\xB8\x8F\xE2\x80\x8D\xF0\x9F\x91\xA9\xF0\x9F\x8F\xBC", "\xF0\x9F\x91\xA9\xF0\x9F\x8F\xBD\xE2\x80\x8D\xE2\x9D\xA4\xEF\xB8\x8F\xE2\x80\x8D\xF0\x9F\x91\xA9\xF0\x9F\x8F\xBD", "\xF0\x9F\x91\xA9\xF0\x9F\x8F\xBE\xE2\x80\x8D\xE2\x9D\xA4\xEF\xB8\x8F\xE2\x80\x8D\xF0\x9F\x91\xA9\xF0\x9F\x8F\xBE", "\xF0\x9F\x91\xA9\xF0\x9F\x8F\xBF\xE2\x80\x8D\xE2\x9D\xA4\xEF\xB8\x8F\xE2\x80\x8D\xF0\x9F\x91\xA9\xF0\x9F\x8F\xBF"}},
};
